,Param1,Param2,Param3,Param4,Param5,Param6,sc_param1,sc_param2,sc_param3,sc_param4,sc_param5,sc_param6,"PR_kappa_A[emimTf2N,R32]","PR_kappa_A[R32,emimTf2N]","PR_kappa_B[emimTf2N,R32]","PR_kappa_B[R32,emimTf2N]","PR_kappa_C[emimTf2N,R32]","PR_kappa_C[R32,emimTf2N]",SSR
0,0.590627937242759,0.473396162640126,0.567118897366579,0.636729339908475,0.254856859122831,0.474068796655188,0.36528728096154994,-0.10015934505669932,0.26750461052768637,0.5524723781611427,-0.9878214112872412,-0.10790002970028723,,,,,,,
1,0.0924206282420954,0.219842598621251,0.824439646010416,0.407073888635506,0.96027500379152,0.578268394462505,-1.6401257127608098,-1.1179685638843035,1.2988743359195132,-0.3715551381323312,1.8468529287004727,0.3113169574097352,,,,,,,
2,0.38198335982754,0.343457511941981,0.0507937883566653,0.537434966542334,0.940800593091456,0.0895207692412738,-0.4745609891440852,-0.621756259201226,-1.8019829403170156,0.1529576586329875,1.7685963475293422,-1.6550179537988667,,,,,,,
3,0.053751106247803,0.659045042541833,0.74299975761301,0.754968760674668,0.970675701056011,0.50307897518575,-1.795780518435857,0.645068363179774,0.972454349287839,1.0282132225128051,1.8886474159509814,0.008814044970085977,,,,,,,
4,0.396842621803166,0.776562562151081,0.66041353340375,0.467503572273055,0.0850503219601873,0.733197806086984,-0.41474862488387876,1.1168046422373314,0.6414397232510267,-0.12841398832511497,-1.6701773122446633,0.9346306987549222,,,,,,,
5,0.646596286743465,0.500342086894004,0.871521088999047,0.126371768900464,0.201730240464483,0.140076029988257,0.5905743317498007,0.008006399808893061,1.487581912677911,-1.5009708828027624,-1.2013070776530559,-1.4516234634275844,,,,,,,
6,0.583119279892361,0.643969569559911,0.345339205897084,0.263729230058575,0.451935745331403,0.671345939208139,0.3350629973272907,0.5845527264204957,-0.6214126675926892,-0.9483078696899285,-0.19587344976836252,0.6857875762696759,,,,,,,
7,0.980708671278308,0.30701527376839,0.502690110554068,0.927560958908403,0.562297941780249,0.80947686156616,1.9354629056523627,-0.7680419014926947,0.009266980984168338,1.722644551625872,0.24760945287962333,1.241517447749004,,,,,,,
8,0.42769583223228,0.281561081212566,0.450695622898002,0.553881775113965,0.499882486259923,0.513432835028738,-0.29055649045553156,-0.8702195693215014,-0.19913261655450376,0.2191320237140708,-0.0032027661131410756,0.05046980967239589,,,,,,,
9,0.783671257287913,0.152061945670867,0.18869804720677,0.515153992121505,0.660863293357007,0.0054538911713708,1.1423364638536864,-1.390052191255125,-1.2492475766504822,0.06330930349681507,0.6436875450553332,-1.9932367577272594,,,,,,,
10,0.566761135390676,0.876082755239822,0.829799153643224,0.955896130306195,0.532076740646545,0.356051140929632,0.26921724407515724,1.5162964434162078,1.3203558291322328,1.8366522004986656,0.12616763284031363,-0.5827099819473505,,,,,,,
11,0.03657801767558,0.269523221450211,0.0454208894886546,0.244023520188333,0.845240223229017,0.966452344144528,-1.8649066318888314,-0.9185416849600205,-1.8235181070661541,-1.0275945491363343,1.3845935678786776,1.8730629646360577,,,,,,,
12,0.514102810649393,0.920206728126034,0.516619483112427,0.905021436757268,0.760881258487837,0.158953101947398,0.05725389717917695,1.6934179386263586,0.0650974308258947,1.6319559197805957,1.0456028649785383,-1.3756770164287795,,,,,,,
13,0.402703051445031,0.122504956973057,0.245620004228566,0.532071059546173,0.62960808595964,0.730168765452579,-0.39115888314330527,-1.5086992143952724,-1.0210981425619257,0.1313757731091787,0.5180906418995148,0.9224442286023478,,,,,,,
14,0.246159824737651,0.627089738498615,0.902676053973936,0.748194472013441,0.166861562153151,0.367542503032119,-1.0212857705788059,0.5167940745832822,1.6124544223379007,1.0009566122664912,-1.3414244653690202,-0.5364778054345098,,,,,,,
15,0.261303301565065,0.265727266842515,0.539154365696304,0.686113568921968,0.657014980731791,0.270567580577635,-0.9603293681913232,-0.9337793236377261,0.15541970675879924,0.7511717176563208,0.6282233652161913,-0.926628397875108,,,,,,,
16,0.421703752519784,0.525759674912318,0.117497249818692,0.136049857604769,0.921224503009118,0.532858603984163,-0.31467615770602486,0.1100371304969312,-1.5346281658056269,-1.462030721712149,1.6899311747476662,0.12862378056245216,,,,,,,
17,0.932628699056211,0.56287558991721,0.854947753987473,0.988588315550585,0.974229907409947,0.41877953796248,1.7419286092057509,0.2590270317171277,1.4211541719310001,1.9681904616900971,1.9029297499491458,-0.33034039354472444,,,,,,,
18,0.335696713890158,0.0525112035417496,0.0400974037461205,0.382763692099116,0.770323486767404,0.917077304002175,-0.6608766844815226,-1.7896666217294785,-1.8448552205999105,-0.4693681462782895,1.0835458104764397,1.6744167509991361,,,,,,,
19,0.298960600443949,0.432617453582257,0.151354575544,0.080193055634787,0.191396914498321,0.361419688593303,-0.8087490217855666,-0.26385235474319746,-1.3989242984733223,-1.6867727067437666,-1.2428308379707969,-0.5611111809531046,,,,,,,
20,0.377249763732713,0.209408085155623,0.228821830121717,0.103545405274655,0.893838831900168,0.120642537741298,-0.4936149350499386,-1.1598545615842073,-1.0884270630122739,-1.5928136323227717,1.5798837372631325,-1.529808506750506,,,,,,,
21,0.494270002906077,0.933105325878392,0.772302267616491,0.987530904866141,0.127214558934552,0.241917558947338,-0.022578272345237682,1.7451952100407793,1.0899020166635158,1.9639359292458072,-1.5007432233717037,-1.0418934852768817,,,,,,,
22,0.80270509410704,0.730933039001508,0.370134769139431,0.543997218341608,0.789003269313615,0.170474363388439,1.2189525692135894,0.9336395998051703,-0.5220293361397259,0.17936113043287172,1.1586092330159379,-1.3293245485627192,,,,,,,
23,0.271815711815895,0.127512035887536,0.0175457395757334,0.430787374264384,0.0531373590099613,0.789523019000911,-0.9180142039384309,-1.4885999067863498,-1.9352447589683621,-0.27614301920871553,-1.798417360890522,1.1612389252067223,,,,,,,
24,0.042758587630369,0.355396589020877,0.810358044557705,0.626523274754703,0.70918201182619,0.597580959131854,-1.8400282427684354,-0.5738306748687214,1.242433736007138,0.5114078835763398,0.8378529948964522,0.3890154835501445,,,,,,,
25,0.318293509068635,0.28932837628397,0.372123101843838,0.207518635509159,0.0690548505874611,0.621857781324176,-0.7309290752252466,-0.8390402618658164,-0.5140598810291694,-1.174473352734092,-1.7344540147918746,0.4866862660697704,,,,,,,
26,0.313537712487959,0.278653797649457,0.777387200262385,0.705152351072261,0.917373251420736,0.629079553413624,-0.7500723838160395,-0.8818899239612727,1.1102829832753085,0.8277749878424814,1.674455184886999,0.5157409802974775,,,,,,,
27,0.823027941382248,0.577529259005543,0.876914360320772,0.240169944968656,0.17643561541246,0.542494746861574,1.3007572743209619,0.31784947243282646,1.5091987344513864,-1.043099556830908,-1.3029517902486696,0.1673920183429849,,,,,,,
28,0.148621133601065,0.832898697533631,0.666339300638903,0.614710847177064,0.106035681960352,0.287513032480431,-1.4139041747293581,1.342947935341312,0.6651908469294168,0.4638801281694427,-1.585849085139291,-0.858453266287325,,,,,,,
29,0.80446881044764,0.461068254879586,0.555403717164768,0.976844064844803,0.306632891168828,0.106532310725516,1.2260519826561063,-0.1496457650803591,0.22054888600357758,1.9209370185419399,-0.7797629844146217,-1.5865769298679626,,,,,,,
30,0.860286975459702,0.825054865767021,0.894022724898754,0.729314056433711,0.728149165049685,0.812756881139393,1.4507345021186597,1.3114613959432933,1.5777709322616746,0.9249905360509083,0.9140711967553061,1.254713659174842,,,,,,,
31,0.557749464984982,0.415760397413238,0.120605222445571,0.983561542639972,0.215500222716125,0.304409184146709,0.23294294500280488,-0.3315195841016656,-1.5221710713365513,1.947965048089772,-1.1459733502095286,-0.7904764799624007,,,,,,,
32,0.0347880572605221,0.763091797554982,0.101288856274279,0.785104149807487,0.955165550956367,0.586613142944386,-1.872111684503989,1.0627305910851836,-1.5995931812077933,1.1494641164871804,1.8263209435897294,0.3448896428171584,,,,,,,
33,0.504919412740734,0.350134882122646,0.0342162870833849,0.484469591604929,0.0433801193154347,0.479936388033145,0.02028835058876588,-0.5949521046088677,-1.8684273798968603,-0.060150558836629786,-1.8376261581127349,-0.08429347045417113,,,,,,,
34,0.709971119210432,0.952404168316432,0.334011690556,0.399998027497264,0.516769580537691,0.619884866617661,0.8456743879074753,1.8226642048945698,-0.6668145889234716,-0.40002513680628327,0.06465686180814645,0.47874881356040744,,,,,,,
35,0.685549659361473,0.781823037451738,0.179375487435032,0.619592225644857,0.69573053370335,0.252601430908991,0.7473717094401349,1.137921128125201,-1.2866134166085907,0.48352054165269154,0.7837991544078022,-0.9989100121284,,,,,,,
36,0.901253694327041,0.0237714521398534,0.993208538304884,0.298518463886059,0.426037587289178,0.276241763882855,1.615636118057464,-1.9050331086367025,1.9753185286936938,-0.8083320530952076,-0.29994341821200265,-0.9037999601500128,,,,,,,
37,0.695664378232014,0.788822029353766,0.415181232798017,0.392341243228156,0.0656063272980061,0.64894917692265,0.7880860632530462,1.1660163296576616,-0.341478179273109,-0.4308325019777257,-1.7483116686576667,0.5956806717909835,,,,,,,
38,0.949143568994578,0.924900603557974,0.729290501559723,0.660004044806478,0.678539919307058,0.968136789404392,1.8084052227874912,1.712259991606932,0.9175061504911093,0.6461190459852939,0.7147198517472804,1.8798398436418458,,,,,,,
39,0.0148064841227728,0.337963915165036,0.683501966700447,0.831318024447774,0.229245764355726,0.274029129691774,-1.9525426731336695,-0.6438085362643875,0.7339806910293447,1.3354074135674905,-1.0907378356859978,-0.9127018547703436,,,,,,,
40,0.815067234486883,0.0758969928016699,0.761618113964071,0.315309530674323,0.672572371418758,0.865780227379242,1.2687133746053942,-1.6957918935614509,1.0470787593995143,-0.7407725518759845,0.6907396706313595,1.468037778700379,,,,,,,
41,0.0587302233847004,0.888097889889931,0.912908326895303,0.64758771836703,0.392397446126738,0.901391051296084,-1.7757382869727565,1.5645273364019028,1.653466492171614,0.5961614803462565,-0.435124013816784,1.6113076437005267,,,,,,,
42,0.518871926731371,0.0990305263233831,0.325681674119836,0.457575409206819,0.84819401782741,0.828107483768505,0.07645082020014415,-1.6029297649080183,-0.7002022065545987,-0.16836033320219146,1.3964631884958103,1.3164723753303433,,,,,,,
43,0.642997745078249,0.568395952911943,0.217264263383914,0.154352439389999,0.904399812704064,0.704385081381186,0.5760892728526299,0.2811867531513559,-1.1347510555211893,-1.388389581930701,1.6223223129025035,0.8187110225203664,,,,,,,
44,0.743505821426342,0.930206464868102,0.0822907882726831,0.294976868968499,0.82397385229359,0.251899821066348,0.9806602188044411,1.7335586650299053,-1.6757395171758334,-0.8225817960786688,1.29913611764024,-1.0017327366930708,,,,,,,
45,0.29332742349331,0.547748824290805,0.582892777861639,0.0991932606167477,0.755832271187055,0.937702707913461,-0.8314240127956518,0.198305497136555,0.3307280500687839,-1.610324653273962,1.0253138564626418,1.7573971066585266,,,,,,,
46,0.610886436951747,0.0516029634897894,0.544087838459297,0.871249243023114,0.440516431290676,0.845082496995082,0.4468329705083711,-1.793312459252491,0.17519360558201003,1.4960722030084637,-0.24176117853767765,1.3847664383665315,,,,,,,
47,0.895009726665332,0.442526007375128,0.640140330864893,0.676464910212641,0.702222397673295,0.835393318784558,1.5905025368053334,-0.2240776529571773,0.5601825084888596,0.7123499692792459,0.8098862636682775,1.3457848282407516,,,,,,,
48,0.637724930100867,0.725945877503222,0.609087784108491,0.837474344834138,0.0902298378699624,0.739802070302309,0.5548648317854239,0.9136202442564563,0.43572050225866654,1.3601776047586296,-1.6493637834830897,0.9612010483981783,,,,,,,
49,0.787794609084856,0.242479714526885,0.445100890781471,0.961510294277813,0.370677605516587,0.481860245261534,1.1589340189715842,-1.0270991440614052,-0.22155691524428445,1.8592410045614631,-0.5224037007819313,-0.07655338653939014,,,,,,,
50,0.48870733650313,0.907993213583764,0.169420141659214,0.609366925262444,0.46424130757524,0.855840527888926,-0.044969440203832534,1.6443907133790647,-1.326515532132115,0.4423786533877121,-0.14642439349534953,1.428048268560286,,,,,,,
51,0.391852218212074,0.457129692650089,0.751656601113693,0.463291662117134,0.429148634950761,0.922000081012233,-0.43483628723786727,-0.16545585618130643,1.0071519255661419,-0.14536077037907535,-0.28744188696643214,1.6942221225149372,,,,,,,
52,0.890931317117013,0.226619696144856,0.969888383094442,0.529496605164149,0.280244371914964,0.0191586623018905,1.5740858858366313,-1.090764085954325,1.881848794122158,0.12101735716369788,-0.8858034356909814,-1.9380995692613991,,,,,,,
53,0.698791240528486,0.193374452720609,0.152593829029321,0.996494177385359,0.245876176238586,0.69009603706698,0.8006724909622331,-1.2242164212441082,-1.393957234862702,2.0,-1.023909668330151,0.7612231796482662,,,,,,,
54,0.825350781833869,0.887322660020384,0.807160055852326,0.599287188085747,0.783912788072882,0.469383802503078,1.3101073066064548,1.5614154254690442,1.2296158472427998,0.4018224442637939,1.1381534839536962,-0.12674875056298607,,,,,,,
55,0.0094969701007966,0.769515396646517,0.884693041754338,0.853417704482938,0.908718435675265,0.575804108831287,-1.9739148373264832,1.0885160632741302,1.5403765410461898,1.4243263237896602,1.6396764025485737,0.3014026159013534,,,,,,,
56,0.113150637316087,0.694301554899768,0.0791743617216436,0.4404635115265,0.818850015768902,0.984566746615135,-1.5566820763349343,0.7865942906123862,-1.6882304958982615,-0.23721070982059467,1.2785463326615076,1.9459410312200438,,,,,,,
57,0.550896661661168,0.11329166613104,0.470098017490812,0.0269979350553459,0.0365304813354909,0.843841966932176,0.2053586430852632,-1.545683006719512,-0.12136569535364883,-1.9008053146156718,-1.86515095764716,1.379775523945225,,,,,,,
58,0.856015660742604,0.867284759256814,0.722800285226053,0.23365511537741,0.592559156751052,0.977437780703113,1.4335413580615652,1.4809797187100737,0.8914926530445597,-1.0693122235579828,0.3692120657736755,1.9172596958431618,,,,,,,
59,0.282798214843868,0.44845017745115,0.714620120458908,0.518052507668197,0.637797470525913,0.341974261832164,-0.8738067949382089,-0.2002969778930752,0.8587056573047493,0.07497159196722603,0.5509991210274627,-0.6393442393469331,,,,,,,
60,0.777994938540484,0.679360261664188,0.800288200251383,0.0926436548516607,0.270171046007064,0.261691536352071,1.1194878159776898,0.7266172752814253,1.2020726978410128,-1.6366772432702748,-0.9262824036410737,-0.9623385982597297,,,,,,,
61,0.627470710540611,0.91160861780564,0.531879515016647,0.423793297787804,0.404599902265971,0.312483781344894,0.5135889516947287,1.6589035906129248,0.12626130897203725,-0.3042839541597402,-0.3860892823399591,-0.7579906702205088,,,,,,,
62,0.720409760399586,0.116954244324354,0.569119855219525,0.185042109691462,0.858608886591662,0.327262586209274,0.88769261264915,-1.5309807647523888,0.27552466861546243,-1.2649085164156486,1.438314622944283,-0.6985324172262035,,,,,,,
63,0.907048233996207,0.608423695391105,0.35849513715162,0.329781935732466,0.303046156006856,0.547194170645147,1.6389606356533504,0.44186524908097935,-0.5686822551530566,-0.6825422750567596,-0.79417603319259,0.1862987926603452,,,,,,,
64,0.759731639576991,0.0190090909859995,0.561647887369563,0.110282110246882,0.515796248766952,0.283472158186814,1.045973324343493,-1.924150075517192,0.24557620363482302,-1.5657082414906165,0.06074559497207055,-0.8747105569324669,,,,,,,
65,0.222537504545402,0.0936110669599195,0.0146802132629862,0.384881109829484,0.82746016600705,0.912711172941622,-1.116371705689692,-1.6246844411735202,-1.946730102073639,-0.4608486348297147,1.313145629728044,1.6568508836920746,,,,,,,
66,0.0600439777440343,0.915693530815019,0.716540292514165,0.726413330736401,0.481687466496555,0.633058627994244,-1.770450086628903,1.6753011598411192,0.8664019170730457,0.913319354954718,-0.07631820272132828,0.531749637646215,,,,,,,
67,0.163151901780813,0.566933809846902,0.812580180859735,0.794571083737375,0.872382522264778,0.756426049734239,-1.3554140827736914,0.27531745016363374,1.251340301527745,1.1875546882443961,1.49366303141095,1.0280828283463084,,,,,,,
68,0.718849861454203,0.660614687693492,0.821807602880503,0.933362110214457,0.732915334512346,0.203361260478012,0.8814136168226141,0.6513691987126067,1.2883248189667427,1.745985706400397,0.9332237212231647,-1.197013616434342,,,,,,,
69,0.129981642744299,0.229263774372568,0.031826345330981,0.76642331246258,0.101183427545222,0.150310832084069,-1.4889329358198098,-1.0801502844647657,-1.8780065280295708,1.0743010509539368,-1.6053475360731286,-1.410446693185076,,,,,,,
70,0.253477726663976,0.654050322431171,0.909865678424702,0.343286089841228,0.96631035577018,0.0494843690761944,-0.9918293267557017,0.6250186660131547,1.6412712240709015,-0.6282077930682086,1.8711055758941972,-1.8160928466499138,,,,,,,
71,0.442427266794328,0.0825728662417594,0.108698928779877,0.887782819877802,0.620168573782163,0.589612874755999,-0.2312586645240733,-1.6689937471526566,-1.569892799542068,1.5625956836042971,0.4801586108712188,0.35695819738612977,,,,,,,
72,0.461280157912191,0.671146661823946,0.841734901717395,0.491011515035985,0.220977643023548,0.570817042125746,-0.15537091230937206,0.6936464208999942,1.3681956138308329,-0.03382887900593512,-1.1239627130971646,0.281338593363766,,,,,,,
73,0.111479865885634,0.179084646635892,0.511123050091704,0.256392746631748,0.110535986084962,0.380871903927952,-1.5634073625273253,-1.2815782509804121,0.04306712567135751,-0.9778264921377864,-1.5677649222628678,-0.4828508106944174,,,,,,,
74,0.503719047261136,0.64494087180642,0.0107066493628484,0.172070227626897,0.0817975434312746,0.0144729110629129,0.015456569748717008,0.5884517068374744,-1.9626565811085046,-1.3171013814198624,-1.6832483792412491,-1.95695133604445,,,,,,,
75,0.0998184653223685,0.974415425798909,0.139739826768968,0.0460635640389006,0.0271142822229792,0.17206091523118,-1.6103475093137762,1.9110213174058557,-1.4454774828462633,-1.8240940251662123,-1.9029893067259016,-1.3229415154473934,,,,,,,
76,0.169784288165075,0.704709363009147,0.59850470968653,0.179421001708225,0.346976220827491,0.507179488080641,-1.3287170159220114,0.8283730882502933,0.39330238161388786,-1.2875252599755227,-0.6176460864621478,0.025311274302782127,,,,,,,
77,0.736436735252514,0.317899888346064,0.706965890521323,0.929953333705633,0.601058986243675,0.760880998820183,0.952205322598334,-0.7243491176684562,0.8280266659275726,1.73227036337854,0.4033680465052538,1.0460060293263305,,,,,,,
78,0.353656825053299,0.455589044225766,0.0389575870001217,0.104025889529325,0.88273781911086,0.712619920792861,-0.5885826019890215,-0.17164029368000944,-1.849423730875562,-1.5908803854958409,1.5352750801998725,0.8518415205274787,,,,,,,
79,0.325873816230523,0.0278064698371927,0.186110058984937,0.840949724394973,0.66631037877906,0.926154859485794,-0.7004163826086947,-1.8888358280882076,-1.2596205167096752,1.374160927714715,0.665576283515366,1.7109376737305633,,,,,,,
80,0.809423839272232,0.548244477561071,0.243620667558993,0.144135904909866,0.645006232115877,0.769283498173965,1.2459972524455796,0.2002951377466995,-1.0291117027692973,-1.4294962002516534,0.5799670341107839,1.0798110586873846,,,,,,,
81,0.98636997331183,0.993541058475256,0.699747418264987,0.856280477799792,0.226587643865814,0.452811380477007,1.9582511073794406,1.9877950173900025,0.7990942390323346,1.4358448020274777,-1.1014193102160978,-0.19342310417932418,,,,,,,
82,0.978954501231111,0.744032410563269,0.75673407726974,0.563054037746855,0.274214165889422,0.339057700763266,1.9284019185044552,0.9862228130918744,1.027503005750484,0.2560369742061317,-0.9100354042257168,-0.6510781804537571,,,,,,,
83,0.585563158889866,0.382092888534598,0.587726207282659,0.191609911368118,0.715864259711522,0.136991081127015,0.3449002409970241,-0.4666669682223996,0.3501009642272068,-1.2384827144712605,0.8647051488382593,-1.4640348641835625,,,,,,,
84,0.265468854786761,0.596069369731197,0.86680945908108,0.814360902698687,0.333087942196735,0.556319751327101,-0.9435619414476499,0.3922727828985013,1.4686971842591872,1.2671797838446022,-0.6734551797761481,0.22301293090675545,,,,,,,
85,0.304962909437541,0.585711733394619,0.45284971716045,0.803475309565684,0.537514496569559,0.216021446400228,-0.7845881790387375,0.35069538370308706,-0.1904987709760262,1.2233811823730685,0.14801888134955554,-1.1460790148595992,,,,,,,
86,0.671064423687014,0.523070012083376,0.978174510419522,0.0849817330861424,0.119496821202601,0.124468147708053,0.6890648975690707,0.0992403442895351,1.9150604993922147,-1.6675052793555654,-1.5317564221061812,-1.514417269952388,,,,,,,
87,0.578845098643188,0.163531930856912,0.264359290804377,0.182607587444297,0.487138176307466,0.717986392378771,0.317858314738813,-1.3440096254274816,-0.9459890308731362,-1.2747039100496331,-0.054414899903727054,0.873431969022461,,,,,,,
88,0.211909208663534,0.275478494393898,0.677797315601879,0.57020086510089,0.990766490922977,0.459976479171556,-1.15915333951473,-0.8946361574389481,0.711115825028469,0.28479250817113133,1.9693808744484538,-0.16459639898772438,,,,,,,
89,0.966834251373263,0.509032703585159,0.606283129847009,0.327202658073604,0.411876192362547,0.687939654457773,1.8796147848896454,0.04289208488999963,0.42447914099756057,-0.6929200976415877,-0.356850010593188,0.7525475970211644,,,,,,,
90,0.358583669545648,0.159446746942276,0.282403785704257,0.253053928005248,0.0751941796306619,0.119616252655874,-0.568750781410506,-1.360408282117684,-0.8736647202693197,-0.9912603569369813,-1.7097835429093058,-1.5339374683826132,,,,,,,
91,0.157401478754366,0.399251391634213,0.279746813587323,0.807186530157648,0.299730280841647,0.440852159233559,-1.3785610194972184,-0.39778967713147195,-0.8843141553306519,1.2383134207632365,-0.8075006496863082,-0.24153757681991217,,,,,,,
92,0.345569593197745,0.602414097096639,0.673135233120961,0.592927358526181,0.587999391001698,0.549785629627804,-0.6211357973223155,0.41774164991475793,0.6924296881606109,0.3762334261089819,0.3508889604442551,0.19672477941835176,,,,,,,
93,0.116975328305615,0.854656017995912,0.797120305274467,0.691034879424991,0.785454282199839,0.869121923455502,-1.541286708043856,1.4302856993722983,1.1893754280342383,0.7709727992148521,1.1443478721757048,1.4814821277228925,,,,,,,
94,0.764462545793955,0.46616512789114,0.089035309182298,0.70954506604918,0.316788984234338,0.911086086073592,1.0650164427967574,-0.12918600795398305,-1.6487067391542016,0.8454492450282296,-0.7389514223292013,1.6503128160320881,,,,,,,
95,0.792417989233852,0.711588338259959,0.381242507213569,0.942616912766753,0.522422647737279,0.351949232409207,1.177544317251456,0.8559865215437896,-0.47750830615039996,1.7832227594238845,0.08737332388671204,-0.5992128261763014,,,,,,,
96,0.595687695596622,0.795318129490289,0.790958337055013,0.12110947279432,0.670949056599351,0.375519104601592,0.3856541141344425,1.192092833969343,1.1646775849575888,-1.5221439330134516,0.6842164915792299,-0.5043862528018881,,,,,,,
97,0.101896515456458,0.181434405445956,0.955960519892457,0.57953110753964,0.794864686576984,0.113468087010448,-1.6019828212306795,-1.2721459001153836,1.8260243939459841,0.3223330964711524,1.1821629355085728,-1.5586728371591312,,,,,,,
98,0.203819418298437,0.648849270048104,0.986599594605084,0.439276846460432,0.741145422708641,0.615939156805591,-1.1917168335092225,0.604140714312595,1.9488291589684903,-0.24198530222671044,0.9662957650913166,0.4628743897216019,,,,,,,
99,0.77281354956845,0.80651056125843,0.428415356978227,0.495224542154147,0.13522342124581,0.224238936794901,1.0986313881768028,1.2370212508850869,-0.2884343610288336,-0.01687760281155848,-1.4685601605205485,-1.1130183156116944,,,,,,,
100,0.374740675552016,0.418773611975541,0.441027055849317,0.214557806222875,0.913679678244351,0.880001736791335,-0.5037146625108986,-0.3194240035418543,-0.23788529155055316,-1.1461509793904274,1.659612814889722,1.525253914399089,,,,,,,
101,0.847057970633799,0.436409448449238,0.354824054800676,0.758382425101947,0.363010110172002,0.39848712568819,1.3974843436151714,-0.24863061117080987,-0.5833963550308883,1.0419482322620346,-0.553215003935295,-0.4119810535264745,,,,,,,
102,0.146930249711254,0.497102426172648,0.459262629583521,0.251096879565545,0.544256372809674,0.448419176683933,-1.4207104187611939,-0.004998176012507294,-0.16479511606439212,-0.9991346163938379,0.17511064773756457,-0.21109386759542237,,,,,,,
103,0.691430464704313,0.202373186340899,0.755348175093248,0.193323771686995,0.977741772690466,0.197639799815508,0.7710434686355976,-1.1880938998670345,1.0219481581343408,-1.23158693174567,1.9170419392533442,-1.220032260951941,,,,,,,
104,0.199224591670812,0.863254547932702,0.739696839921745,0.872171148615236,0.948481563635594,0.0646597773279618,-1.210212196496618,1.4648017318007698,0.9592158936631554,1.4997815255166982,1.7994617998461315,-1.7550389744724555,,,,,,,
105,0.384666457755791,0.515793663047989,0.982252085037748,0.0382733394828265,0.860029295446275,0.754070616424985,-0.46376082754160475,0.07003178176634028,1.931403864769584,-1.855438292450169,1.4440224383200184,1.0186064227168932,,,,,,,
106,0.361019582941935,0.104224143985069,0.214913521047424,0.0407847431606182,0.452214988338425,0.779762235827077,-0.5589456013414,-1.5820816575048178,-1.1441730881043775,-1.8453335634313839,-0.19475133093344366,1.1219692331918307,,,,,,,
107,0.941024581849545,0.362317519839943,0.391051578476981,0.388807243215112,0.8660864948654,0.466158654912386,1.7757242042187884,-0.5460488244428721,-0.43819247488295354,-0.44505168657157523,1.4683628779519569,-0.1397242004150594,,,,,,,
108,0.842936230722918,0.857615423100708,0.695413802548815,0.0600190359468918,0.475500023038979,0.858725157896321,1.3808932767546613,1.4421652791745476,0.7817246329096337,-1.7679436487028333,-0.1011820190717756,1.4396537442634023,,,,,,,
109,0.623546326696589,0.133945823245212,0.174116701057536,0.995152782392037,0.367743376057664,0.592359358206358,0.4977922939360502,-1.4627735370803745,-1.3076912080056595,1.994602845797139,-0.5341947002305656,0.3680078803161555,,,,,,,
110,0.871804077148779,0.672416690008798,0.329085648595501,0.602683924601628,0.758453340477868,0.192408555447447,1.4970938086965289,0.6987445405013304,-0.6865587042769543,0.4154893439122689,1.0358464432952181,-1.241078661791895,,,,,,,
111,0.242895521687814,0.759256669362778,0.794434401925667,0.640950632612831,0.261767017234881,0.0293953276455481,-1.034425432790349,1.0473357026539554,1.1786100334289435,0.5694569112585852,-0.9600534157607215,-1.8969153027793229,,,,,,,
112,0.0853705613536041,0.743625993157671,0.235375934036628,0.332972962011034,0.180310283100634,0.131015787509296,-1.668504051435029,0.9845913811547597,-1.0621574971473484,-0.669703058437827,-1.287381704400077,-1.4880747322850687,,,,,,,
113,0.677493196053802,0.111773776538797,0.343433630560491,0.424154893652989,0.256262766154341,0.311063901824369,0.7149423654526714,-1.5517760862079644,-0.6290504221149087,-0.30282905932769144,-0.9821718704911202,-0.7637031453852827,,,,,,,
114,0.541703567929535,0.967809452963314,0.460381937830595,0.017720430675588,0.28870075224719,0.693806260020743,0.168354068305129,1.8845037644879525,-0.16030880609717135,-1.9381337093126476,-0.8518220524247537,0.7761501901254002,,,,,,,
115,0.523198566626516,0.425269121673946,0.362590328624106,0.197565975529703,0.0472656714997645,0.72642870656385,0.0938666623769393,-0.2933498693540637,-0.5522682794955751,-1.2145182618810522,-1.8220123336642924,0.907397181858018,,,,,,,
116,0.27836250382553,0.574097979407353,0.0873621539902865,0.866539631119491,0.582427567626206,0.16098082086629,-0.8916616765344174,0.3040757042709523,-1.655412928297586,1.4771228988840064,0.32849897108997084,-1.3675190749993338,,,,,,,
117,0.854862745118689,0.100291943545479,0.480512492180356,0.0666258097404671,0.936348871411806,0.774429708999549,1.4289005751362756,-1.5978662112466644,-0.07962334089033951,-1.741361040951302,1.7507074098695408,1.1005153516283581,,,,,,,
118,0.816663669179577,0.478354548008511,0.272785150270218,0.305600048184909,0.833863318830449,0.190938317847589,1.2751394362438306,-0.08025550202467446,-0.9122172638886448,-0.7798390270650462,1.3388762593421064,-1.2469937381445706,,,,,,,
119,0.0209705932755701,0.168519976971889,0.577063380438568,0.833897483915249,0.26619415360486,0.67861243509995,-1.9277305429894163,-1.3239867188696275,0.30736318714529576,1.345785967666246,-0.9422632724783992,0.7150222237991737,,,,,,,
120,0.472536368450217,0.293159999292026,0.0220313151111932,0.590060133924932,0.74685761386611,0.0802629494270644,-0.11006175994404255,-0.8236594438687912,-1.9172660812573206,0.3646970379576784,0.9892498127317935,-1.6922641180009306,,,,,,,
121,0.962332261320366,0.136230533069231,0.622392632481813,0.909377398802558,0.0135089036102357,0.406504587118867,1.8614931130743564,-1.4536023044446564,0.4890477908099924,1.6494823001363308,-1.9576615857576172,-0.37972511304334144,,,,,,,
122,0.453029945928633,0.334079314952837,0.420549595714823,0.891846992042093,0.815272910054512,0.794069894166593,-0.18858014471902584,-0.659402014205567,-0.3199611931128774,1.5789480361826604,1.2641719791569384,1.1795319642187088,,,,,,,
123,0.85172025805075,0.69826155524182,0.651276654408877,0.239240308924034,0.33629141628638,0.527047141583192,1.4162512536895666,0.8024904381199045,0.6048181121701273,-1.0468399831112665,-0.6605822392806961,0.10524304004420859,,,,,,,
124,0.544166184231822,0.537951709807104,0.320297728622234,0.968285018887993,0.321144105496222,0.941875003763588,0.17826673446224506,0.1589781326090427,-0.7217816494042391,1.8864993688651097,-0.7214506668100817,1.7741831339794407,,,,,,,
125,0.417251237012067,0.837902040139201,0.30071185510996,0.401668081176317,0.80467052892069,0.319159513024386,-0.33259868170880713,1.3630322447400278,-0.8002839741968375,-0.3933056117761635,1.221567039136675,-0.7311327918762314,,,,,,,
126,0.0469598781431834,0.594123795868608,0.437253688169919,0.899938358347088,0.382014069590845,0.566819171749111,-1.8231169642050988,0.384462902485597,-0.2530093622203837,1.6115039588432487,-0.47684889890965376,0.265254316558317,,,,,,,
127,0.497057496893889,0.0681658286227375,0.558123356806496,0.410825298826453,0.236147132458409,0.205872056191109,-0.011357889660980947,-1.7268261651720103,0.23144949936350567,-0.3564611953492416,-1.0630051622080945,-1.1869121550444461,,,,,,,
128,0.886085526419658,0.236575606536524,0.132448243920407,0.551818959271452,0.60862674319974,0.393969662796426,1.5545803277009482,-1.0507992863362574,-1.4747029449973983,0.2108322050554552,0.4337785577980928,-0.430155760749132,,,,,,,
129,0.92051450028659,0.918777863491189,0.140070564411095,0.0128210738812753,0.243544409774248,0.998003517972092,1.6931658327826913,1.6876822211915457,-1.4441518501760067,-1.9578464592821807,-1.0332797116346186,2.0,,,,,,,
130,0.302709789344008,0.901118710408169,0.239870657993716,0.733154536120517,0.168255282917723,0.332354009926549,-0.7936575688898244,1.6167952317929362,-1.044142151561088,0.9404428533667155,-1.3358238942491836,-0.6780485443920354,,,,,,,
131,0.141755906857887,0.996581526946467,0.128700908809022,0.37385455492796,0.413246542621913,0.905078626369283,-1.4415384841160175,2.0,-1.4897226742852598,-0.5052144013832738,-0.35134335224256574,1.6261435369713162,,,,,,,
132,0.0030165998523247,0.310769237879459,0.105362728278194,0.117652821393387,0.0227715528348434,0.664401151276089,-2.0,-0.7529728201560604,-1.583264656313849,-1.5360519024998804,-1.920440266351899,0.6578472278013865,,,,,,,
133,0.331462046365165,0.987372788950388,0.206206883234385,0.559156210533363,0.444557381790187,0.0247803006786389,-0.6779223141326598,1.9630344836112048,-1.1790702454367978,0.24035391691722285,-0.22552289663821745,-1.9154825308801142,,,,,,,
134,0.531049553949687,0.631691573649152,0.66970512198362,0.0023443399684839,0.0042061660221584,0.490208263190344,0.125468912498516,0.5352666614619768,0.6786814272822026,-2.0,-1.9950439974971779,-0.04296754745652143,,,,,,,
135,0.830545308273029,0.681007634936989,0.540808336949083,0.957936717346018,0.0492726350858819,0.639059977049785,1.3310166161029797,0.7332301253527511,0.16204900457397775,1.844862580717105,-1.8139474884064082,0.5558943322765315,,,,,,,
136,0.665247645951949,0.605863148432497,0.505468967821246,0.696646660491031,0.193747219588602,0.411731505104798,0.6656508660188454,0.43158675700063087,0.020404945068515534,0.7935520155656639,-1.2333862984718997,-0.35869611815235247,,,,,,,
137,0.927843921951016,0.842184323064608,0.932841184587422,0.265360357445485,0.21140010364358,0.166863204961016,1.7226686465246117,1.3802220920055261,1.7333595675358948,-0.941744966089207,-1.162449396953827,-1.3438530015296934,,,,,,,
138,0.749245064062868,0.612830292462966,0.635761762851045,0.762075295673248,0.64805515894617,0.554273048288379,1.0037621515731536,0.45955411549764325,0.5426327286368573,1.056806638640278,0.5922189370645858,0.21477861235411977,,,,,,,
139,0.178956729271944,0.371124893260313,0.702442377782748,0.652588941170922,0.248739904559839,0.954179502629826,-1.2917955732864845,-0.5106944570310121,0.8098959317540606,0.6162840921122528,-1.0124019728586027,1.823686731413103,,,,,,,
140,0.96857364268695,0.174773961101835,0.426319063527456,0.274073887517005,0.624351120091561,0.960082592486678,1.8866162838211498,-1.2988821113816935,-0.2968365346275701,-0.9066857436518303,0.4969658858026418,1.847436108536471,,,,,,,
141,0.369815542931223,0.0610738500327977,0.25734371124379,0.502910816509632,0.577264136392403,0.988292377419507,-0.5235395923646096,-1.7552946318508356,-0.974108241636362,0.014048416853470691,0.30775007749349736,1.9609300307340463,,,,,,,
142,0.606158005158369,0.16616029614536,0.925462117180272,0.057075217165925,0.35078787683791,0.825609705043683,0.4277998122486282,-1.3334588984780087,1.703783457698386,-1.7797882164738879,-0.6023292087106273,1.306423284033238,,,,,,,
143,0.727389336240101,0.378379828458676,0.784458787014612,0.672122122943117,0.981072810324635,0.609665280575651,0.9157872066632673,-0.48157185346807796,1.1386266769928484,0.6948765981391047,1.9304274850866556,0.43763326071570896,,,,,,,
144,0.882976845805173,0.0109932589235988,0.745553969951417,0.922497509629862,0.154895158589632,0.887547711774595,1.5420670859540015,-1.9563270547730545,0.9826919119093498,1.7022715692525208,-1.389510635791212,1.5556129653345785,,,,,,,
145,0.350433416777638,0.969675421078264,0.0655386051708919,0.419045599586378,0.885539045103419,0.878403201175981,-0.6015576521805757,1.8919940932347932,-1.742884100644003,-0.3233864999641516,1.5465316143585492,1.5188226680357784,,,,,,,
146,0.456141573953636,0.300766690252531,0.904491353179066,0.35902918100994,0.830820591520596,0.708228482969998,-0.17605503888409024,-0.7931248299526632,1.6197303402441179,-0.5648648619478147,1.3266492687351787,0.8341738387712985,,,,,,,
147,0.173922304466982,0.963798265233435,0.652932546976154,0.915924242404145,0.54192689811805,0.183142701356527,-1.3120604323870875,1.8684021416781267,0.6114551108241093,1.6758237764618626,0.1657498137642639,-1.2783571495858643,,,,,,,
148,0.471516464579675,0.0354050144551421,0.936999636067521,0.0080693872818879,0.0170443048651696,0.0873181904727433,-0.11416713623495922,-1.8583339150437272,1.75002709622796,-1.976965052558759,-1.9434548187575589,-1.6638793933307476,,,,,,,
149,0.448340421252358,0.3860343599174,0.551537512428,0.936789521896928,0.277023915657443,0.510612461503509,-0.2074566917914633,-0.45084519926133537,0.20505271424640537,1.7597760287581474,-0.8987446178610758,0.039122851366877764,,,,,,,
150,0.126173570713148,0.260433221423078,0.319183641896635,0.701746058940204,0.99838616223169,0.0975192429595955,-1.5042614085144783,-0.9550305659684943,-0.7262470309418707,0.8140696408058306,2.0,-1.6228384048924116,,,,,,,
151,0.628381268941224,0.358747918226472,0.0955349592298322,0.826444683906036,0.767356286316489,0.438257058859702,0.517254184249818,-0.5603778418392207,-1.6226554303499248,1.3157993409880069,1.07162231936216,-0.2519782136637141,,,,,,,
152,0.91083239896955,0.818868695334699,0.416634160818325,0.861389886347656,0.235910396131163,0.302336687716645,1.6541928762705207,1.2866290047299422,-0.3356546847386932,1.4564027032836502,-1.0639564708712737,-0.7988145707755179,,,,,,,
153,0.408871244668657,0.447741151566214,0.378473704623185,0.112025167363821,0.699576485732879,0.390859214928294,-0.3663303135599689,-0.20314313422642316,-0.4886059699896308,-1.5586949843282232,0.7992538483553897,-0.44266974939477244,,,,,,,
154,0.191776372297851,0.0597579395846047,0.846183816875292,0.71714493669198,0.112272003892863,0.992379642025684,-1.2401932016741446,-1.7605769310388,1.3860273527359719,0.8760276160413838,-1.5607888539961097,1.977373959403439,,,,,,,
155,0.311147824810594,0.0456836534733615,0.975704450226639,0.523590532062309,0.597537802174602,0.889268888627021,-0.7596922984883838,-1.8170736251707518,1.905160227780767,0.09725404551970707,0.3892184102896117,1.562537623294313,,,,,,,
156,0.072893823822222,0.552652148037439,0.0598993401193603,0.478210844528194,0.83746686396689,0.947582947755487,-1.718726139936472,0.2179883130004603,-1.7654868922115812,-0.08533286774490145,1.3533568578473436,1.7971473980767114,,,,,,,
157,0.0772127593936341,0.798610426279158,0.364155541920279,0.309228820848134,0.435973251391792,0.239666086013543,-1.7013413096509973,1.205308700351635,-0.5459947332854016,-0.7652385210783277,-0.2600176347667176,-1.0509516363612137,,,,,,,
158,0.0483684691351771,0.634606284440253,0.999366421862846,0.162668176345022,0.0991405372893018,0.0479464240478618,-1.8174470219397985,0.5469668303193078,2.0,-1.3549308953543195,-1.613556750184835,-1.8222803242859662,,,,,,,
159,0.553564469073615,0.947833892305118,0.408265430309047,0.316313004601522,0.635675987098358,0.816324953693387,0.21609725641552835,1.80431830202824,-0.369197472612278,-0.7367350360431344,0.5424740856562456,1.2690687685740287,,,,,,,
160,0.561821772851215,0.822434726501744,0.403052939595275,0.66947003604844,0.691354140702959,0.646529708295507,0.24933503512641764,1.3009436897176667,-0.39008970592188774,0.684205824801484,0.7662129198692269,0.5859466385545629,,,,,,,
161,0.320987529026128,0.784534773991917,0.127697784142084,0.480271258188277,0.123632785746884,0.582311900063997,-0.7200849496363615,1.1488065221456156,-1.4937433077465188,-0.07704271435942545,-1.5151363327969043,0.3275848343621446,,,,,,,
162,0.744490963571399,0.315898962230478,0.589309777935448,0.586296319200386,0.903463466795686,0.221697161695446,0.9846256701791378,-0.7323811918951264,0.3564480887319865,0.34955318505789634,1.6185596712127603,-1.1232444136152124,,,,,,,
163,0.660424905555207,0.543314487040333,0.163662690143065,0.782798041456814,0.511712815298094,0.531255907780794,0.6462380912918428,0.1805052766964077,-1.3495920279858806,1.1401854010908572,0.04433659817960045,0.12217579527491385,,,,,,,
164,0.956576674198474,0.664676289811226,0.395751329632125,0.16444388517994,0.286924610676286,0.0559110945705682,1.8383253895339378,0.667673193865014,-0.41935535784580447,-1.3477862627523294,-0.8589593552759467,-1.7902367727741146,,,,,,,
165,0.48126702288497,0.531948676583375,0.929219324399584,0.447930504812224,0.315839733179299,0.4293679977641,-0.07491862267800542,0.1348808868074216,1.7188427554753618,-0.20716697594995104,-0.742765922463996,-0.28774078366543354,,,,,,,
166,0.526369542177689,0.69013324143945,0.687991764178704,0.791407779507856,0.725023679587213,0.210165402561534,0.1066306573208391,0.7698619371024233,0.7519762907492265,1.1748270123530506,0.9015116481989884,-1.169639115916622,,,,,,,
167,0.791808578835111,0.220673505972841,0.255372570848316,0.288163350577383,0.528220667456657,0.323200044751513,1.1750912831227596,-1.1146331536102956,-0.9820087880909452,-0.8499962486477894,0.11067226770532157,-0.7148768794484228,,,,,,,
168,0.575046289046298,0.976398936966313,0.726901798717391,0.849142122209975,0.471114557849438,0.931213921894121,0.3025671257324505,1.9189834849251453,0.9079319680455713,1.4071233545307313,-0.11880470957903455,1.7312913501846916,,,,,,,
169,0.755944163258991,0.0899717872501668,0.338739083606928,0.682774133116929,0.325597738520762,0.84922570350536,1.0307277547095026,-1.6392931588731177,-0.6478666801424995,0.7377353696156033,-0.7035540485421823,1.4014354331300738,,,,,,,
170,0.938473200265482,0.40464508187217,0.385143855990208,0.336687615325167,0.618255627025402,0.245010331398084,1.7654542348943982,-0.3761384427308212,-0.4618712732347636,-0.6547570083583545,0.4724715657815297,-1.0294506085681236,,,,,,,
171,0.228371508132187,0.981729372906203,0.477712853663213,0.504768432546669,0.0113057578013976,0.385826662861926,-1.092888335640727,1.940380805294052,-0.09084459849914106,0.02152260622461677,-1.9665147757964105,-0.4629167691446794,,,,,,,
172,0.614785617474951,0.488904155399291,0.209939227352334,0.844362979753313,0.591220424068583,0.697896574856275,0.4625281783964028,-0.037907496786032446,-1.1641106016914544,1.3878942915593795,0.3638324604831422,0.7926063905116436,,,,,,,
173,0.464530680383492,0.622749116087169,0.293690680197006,0.229428748102953,0.935243516654669,0.750373142334384,-0.14228672048286328,0.49937004221791303,-0.828425611744785,-1.0863171743828544,1.7462656177348754,1.0037307036085967,,,,,,,
174,0.619411309278655,0.0075696301548889,0.30798022914631,0.0214852579113731,0.504280433380324,0.0097721107402495,0.48114778168305516,-1.970070111141124,-0.7711515355053455,-1.9229857825350611,0.014470082175555454,-1.975863648469272,,,,,,,
175,0.21476034959821,0.801221670316028,0.434591061152001,0.583526115678942,0.330037824792953,0.229077476403298,-1.1476767614436416,1.215790699544267,-0.2636814627438122,0.33840716494228884,-0.6857118669677025,-1.0935518489522398,,,,,,,
176,0.674327023892569,0.76503299500469,0.47382106116155,0.508324110552397,0.852814702342452,0.0628259526248742,0.7021977053929169,1.070522903796396,-0.10644332881869967,0.03582901305345798,1.4150310916989808,-1.7624168385246555,,,,,,,
177,0.0311592971924866,0.206412277557902,0.923631743787989,0.221504075707014,0.143260803541536,0.67286177952067,-1.886718380271131,-1.1718802674842324,1.6964471208001264,-1.118202397707056,-1.4362624920716223,0.6918861219659291,,,,,,,
178,0.25693018052905,0.390613657067109,0.81891070450834,0.918969660380555,0.0950888619393959,0.895696724482672,-0.9779323089557539,-0.4324630839368675,1.2767137332135245,1.688077132492471,-1.6298381291586252,1.588398164388019,,,,,,,
179,0.93102981710242,0.251782564146743,0.297637087939406,0.948194785741463,0.476600766506813,0.266113278147043,1.7354926967098216,-0.9897558468330789,-0.8126079775624868,1.8056655452687354,-0.09675875708629933,-0.9445489972240866,,,,,,,
180,0.760455434961965,0.0785005343916035,0.951981490704183,0.435815176960307,0.50202285171813,0.65440337555768,1.0488867875617158,-1.6853408133642969,1.8100760094380703,-0.25591346222769995,0.005398145400731469,0.6176240647309927,,,,,,,
181,0.538809827430177,0.214532575671932,0.711876997058767,0.715916291433281,0.776057045296869,0.144355553127951,0.1567060159923006,-1.1392839428690797,0.8477109184707068,0.8710841147201283,1.1065857214329768,-1.4344060380762154,,,,,,,
182,0.0912372881858888,0.482863308544716,0.858493171299325,0.471647799490751,0.751311093527819,0.378287911003497,-1.6448889618778668,-0.06215653324467385,1.4353645925775895,-0.11173953116898239,1.0071458147216954,-0.49324675992357614,,,,,,,
183,0.205103522050594,0.532342445321863,0.515337938757869,0.27792862858108,0.548199587745587,0.820219663441343,-1.1865479845113451,0.13646154473928762,0.05996086078246066,-0.891176045137607,0.19095618599082087,1.2847380083845832,,,,,,,
184,0.0161727585265423,0.873359414629595,0.0547751007219966,0.0044853448714825,0.218470659630711,0.662381882863,-1.947043066056837,1.5053644685894199,-1.7860254045855526,-1.9913855846576944,-1.134036853588388,0.6497232845413854,,,,,,,
185,0.972394131881876,0.410297865035128,0.958920102052515,0.286391283623459,0.162209466564254,0.65903001334009,1.9019947388045755,-0.3534471631285996,1.8378867231820868,-0.8571262280019214,-1.3601185918139955,0.6362380055945449,,,,,,,
186,0.837197662206576,0.393499598822081,0.658771161402758,0.665754706704678,0.418560434772376,0.860509523154001,1.3577940574936629,-0.42087839912056024,0.6348569165065974,0.6692570546908709,-0.32998984179174773,1.4468326225217587,,,,,,,
187,0.428746111773975,0.957599511282034,0.0736639122791929,0.149607376616326,0.463422131952629,0.290024046823249,-0.2863288442490144,1.84351923797534,-1.7103169804052387,-1.4074815239904703,-0.1497161944433527,-0.8483509253038908,,,,,,,
188,0.992534301226027,0.320077966025181,0.965845925862776,0.219699796575143,0.956733444335203,0.606305704606078,1.9830641180947852,-0.7156059254766758,1.8656461830738653,-1.1254619839946085,1.8326214153913307,0.4241169771064768,,,,,,,
189,0.796447147380482,0.144942676229537,0.3088373170969,0.878434039998125,0.92727315404009,0.293790534155925,1.1937627186177902,-1.4186302082778472,-0.7677162331875362,1.5249805091997293,1.7142372632692333,-0.8331975513483378,,,,,,,
190,0.487078194795565,0.733124398713168,0.946509124247404,0.574580059490341,0.308668108829647,0.935005724050369,-0.05152715601799662,0.9424361084439878,1.7881421657060064,0.3024123647546402,-0.7715846020990902,1.7465465710215224,,,,,,,
191,0.133494097857371,0.936477351724997,0.180991962975318,0.631020844029609,0.898374817428137,0.746971364409604,-1.4747943975118305,1.7587311230778528,-1.2801344057131463,0.5295040260515713,1.5981112834070275,0.9900446326212524,,,,,,,
192,0.239024230968825,0.495957398796631,0.0013896835168426,0.07156788675519,0.606314196764744,0.807161058298987,-1.0500083770187467,-0.009594520077437663,-2.0,-1.7214764045364774,0.42448574886078916,1.232200482148052,,,,,,,
193,0.834229279506745,0.517713858517812,0.873792243696113,0.211550843196021,0.569866983270086,0.70167750668457,1.3458455510606235,0.07773978878528887,1.4966849492910894,-1.158249610456614,0.27802512598315543,0.8078178777234961,,,,,,,
194,0.340868857669226,0.0001135864774714,0.83659632083944,0.798931181815578,0.878278730093371,0.764659396511379,-0.6400574709682794,-2.0,1.3475996192329172,1.205097710087188,1.5173565373992277,1.0612073211694688,,,,,,,
195,0.733136682654162,0.185865480650311,0.35029900535743,0.606934430497425,0.843990314770323,0.412589360010453,0.9389217592279429,-1.254358774110027,-0.6015332484849205,0.4325914174059031,1.3795708966276319,-0.355244786702962,,,,,,,
196,0.167021466382387,0.815749132793106,0.113702397495888,0.0722556748815078,0.557341362354322,0.133424411666837,-1.3398380866133577,1.2741065244176317,-1.5498383492778123,-1.718709062631137,0.22769177905882065,-1.478384328640019,,,,,,,
197,0.729048670830615,0.617741219658487,0.628926984190932,0.651255292288305,0.0029728483033656,0.176059968938527,0.9224664566233378,0.4792674529612033,0.5152381876721424,0.610918104682904,-2.0,-1.3068524778525914,,,,,,,
198,0.0643687525295154,0.831087493759155,0.405841942129888,0.473970259618189,0.357632306490431,0.796084072263681,-1.7530417519998438,1.3356774404225353,-0.378911078495219,-0.10239502377169685,-0.574825338482049,1.1876354280624528,,,,,,,
199,0.712631070089398,0.870237686006424,0.91606291871078,0.967409623145004,0.458568601513151,0.0332694953787069,0.856381376662902,1.4928332932394066,1.6661104414512549,1.882977180518679,-0.16921977299334778,-1.8813287078324117,,,,,,,
200,0.120114135116046,0.715604377297979,0.883577659322063,0.0283171998654157,0.681807785281595,0.536858089012112,-1.5286522005833998,0.8721076183695629,1.5359059661743801,-1.8954972020538967,0.7278515466073405,0.1447145534511236,,,,,,,
201,0.991428562034101,0.0874915370296029,0.626795980845857,0.736282154930182,0.148877245715096,0.802604808384185,1.9786132324833225,-1.6492493255287015,0.5066968930178932,0.9530269476026167,-1.4136932051433808,1.2138697265405725,,,,,,,
202,0.596572352010162,0.848793485203969,0.890480584759719,0.371452994343509,0.613764478643651,0.94887794122704,0.38921508450689934,1.406752447357452,1.563573646882436,-0.5148771725031327,0.45442419462862826,1.802357430292723,,,,,,,
203,0.284951792860337,0.150980467644112,0.222109136287001,0.692513723159218,0.422793230645379,0.463814410646791,-0.8651380876366548,-1.3943934369002022,-1.1153322746341052,0.7769229836983884,-0.31298064244198787,-0.14915559015890412,,,,,,,
204,0.412958953791038,0.582000286144495,0.263109725117446,0.0799505795816291,0.0581575407019991,0.0705886694410614,-0.34987622940567675,0.33579697262775543,-0.9509974269165227,-1.6877483184434592,-1.7782441057339238,-1.7311857894232185,,,,,,,
205,0.946162327524897,0.589908017560177,0.006717030066163,0.769111855573579,0.128316326721174,0.522572008700096,1.7964049564872746,0.36754001661152946,-1.978647411930063,1.0851185072761536,-1.4963158452315664,0.0872386353857797,,,,,,,
206,0.510463663919836,0.0159215800026295,0.0990925963666312,0.0484856587960059,0.388455275859189,0.215481059846255,0.04260539241887029,-1.9365438951594651,-1.608396031307437,-1.8143486340151211,-0.45096535414200645,-1.1482531040864141,,,,,,,
207,0.0835702852722685,0.948491945609331,0.603912968798452,0.622450213178471,0.488482104741678,0.296071014887904,-1.6757506272691727,1.8069598453332993,0.414979276090949,0.4950197641080911,-0.049014415841851955,-0.8240226957659724,,,,,,,
208,0.650178112763015,0.638159587363436,0.315938106460098,0.45501427821807,0.340118627632235,0.974336984624924,0.60499210585927,0.5612304218665107,-0.7392554922088777,-0.178665141963831,-0.6452028534826453,1.9047845383867505,,,,,,,
209,0.439411013926262,0.700080244775762,0.764864600586763,0.499553105786149,0.888990779289943,0.186374058936639,-0.24339986073836606,0.8097909822120148,1.0600910331247415,0.0005385389774859028,1.5604021709935694,-1.2653567156349133,,,,,,,
210,0.154825633805198,0.421722100355687,0.639925411641574,0.744612875444829,0.655937826838723,0.740869237075236,-1.3889294601795465,-0.3075882454189858,0.5593210887179936,0.9865459211058183,0.6238948963159028,0.9654944856926067,,,,,,,
211,0.770478330031633,0.736502782926431,0.19238909136167,0.2693613639583,0.204030632319869,0.330267183695197,1.08923152687866,0.9559975450986298,-1.234453467677492,-0.9256467629321821,-1.1920631110586863,-0.6864442870219376,,,,,,,
212,0.53230181407838,0.471033902334003,0.28721358105566,0.224881351188407,0.146176947337036,0.485694887465663,0.13050958269389845,-0.10964187915613532,-0.8543865340487689,-1.1046138002772432,-1.424544168618657,-0.06112581114286564,,,,,,,
213,0.107226128464152,0.403529762422199,0.145563861089205,0.778565749254133,0.809918006980279,0.109398126671659,-1.5805297534333,-0.38061553388318115,-1.4221341158259482,1.1231566110900348,1.2426536691271068,-1.5750471471064638,,,,,,,
214,0.913379797844574,0.991394381699212,0.573908515558557,0.975263458358203,0.719644427905709,0.0598679568419202,1.6644468141631905,1.9791778740224655,0.2947181433931152,1.9145773877212706,0.8798954949640065,-1.7743174802364132,,,,,,,
215,0.878423085227982,0.487762024399951,0.157173078678232,0.171959281770827,0.352859581688188,0.874383953253188,1.523737024417736,-0.04249221427850869,-1.3756031010519263,-1.3175477763269248,-0.5940042051315528,1.502652384847572,,,,,,,
216,0.0712260558620317,0.131199176199781,0.850587215036352,0.367656340859261,0.0611292246768366,0.0721642230515802,-1.7254393363859344,-1.4737990680939996,1.4036766545357633,-0.5301531534120585,-1.766302597886857,-1.724847004518757,,,,,,,
217,0.635873058589724,0.892527032449694,0.0249644224934059,0.090682131181612,0.437818393713699,0.897617920843166,0.5474105710308002,1.5823067044272436,-1.9055098658285967,-1.6445695089880679,-0.25260305713915776,1.59612754306933,,,,,,,
218,0.896792710886365,0.324916503619909,0.833977697191715,0.946796679382863,0.493023457248777,0.400267686211173,1.5976795084391573,-0.6961831727789798,1.3371038890335742,1.8000402107125977,-0.030765302861126997,-0.40481748251929783,,,,,,,
219,0.366746698698718,0.296272516990357,0.248936902388802,0.817973715358689,0.553250706826153,0.444251836792778,-0.5358924823933007,-0.8111652428135478,-1.0078036516873858,1.2817160741462303,0.21125376091728887,-0.22785995604678022,,,,,,,
220,0.657012230563567,0.375676988011513,0.734549872225132,0.742453578819982,0.869554825796432,0.344977043471589,0.6325011937234106,-0.49242153698480373,0.9385862837780863,0.9778579083191032,1.4823001274643,-0.6272634146766038,,,,,,,
221,0.445637462899424,0.89972043419641,0.0602999297734954,0.808250814457628,0.995670633912929,0.0378443432584159,-0.2183367967287777,1.61118230174282,-1.7638812850316024,1.2425956094632635,1.9890878360545758,-1.8629231286845467,,,,,,,
222,0.434814285356078,0.556090779854291,0.688395603138792,0.547361835089709,0.374491990178179,0.680702834673636,-0.2619028795354055,0.2317915942790676,0.7535949215031148,0.1928987949637775,-0.5070758581331773,0.7234323427399132,,,,,,,
223,0.0247379870307393,0.0299131931162848,0.201793140481562,0.34888116027595,0.198380121405618,0.355957012612823,-1.9125658108536323,-1.8803790651818142,-1.1967610094926338,-0.6056958125834164,-1.214769300880286,-0.5830886800441262,,,,,,,
224,0.864429949962504,0.232849203701123,0.989915899811078,0.159290150895257,0.98525048800464,0.601013924154883,1.4674110436917753,-1.0657577317977225,1.9621212732175266,-1.3685225103106413,1.9472151957654211,0.4028270268199132,,,,,,,
225,0.953641668911247,0.750760982836657,0.499283901528633,0.892778826028752,0.738379941269041,0.723587860914098,1.8265112358005147,1.0132325020146156,-0.004385477613535027,1.5826973059671037,0.9551828679624395,0.8959678598721901,,,,,,,
226,0.476739246054837,0.431525936370181,0.53356430697597,0.901750464755675,0.929782133299789,0.643806356864375,-0.09314409292659964,-0.2682338994683082,0.13301413955249863,1.6187950384788716,1.7243194240142907,0.5749900206229652,,,,,,,
227,0.569779488921403,0.246058287659226,0.269088159313705,0.774119700937778,0.685526938080232,0.495257235524732,0.2813668959987896,-1.01273411338854,-0.9270352082934019,1.1052677651675435,0.742796706558877,-0.02265446550069683,0.8429669440042392,0.32129717754977233,-0.6100571318305444,-0.5532091770068944,-0.3935587490469149,0.18626769382087183,3.734882936232224
228,0.996741703978459,0.190338889166188,0.396496233961921,0.354561553435224,0.706330152981611,0.786108641161623,2.0,-1.2364017146434816,-0.41636969975910154,-0.5828405328439619,0.8263929961012808,1.1475021621024308,,,,,,,
229,0.39584658433986,0.196336635858347,0.490106712728453,0.450512902355981,0.376620484972291,0.0799614575034819,-0.41875793272634043,-1.21232568992226,-0.04116865480618093,-0.19677660038858935,-0.498522648067252,-1.69347708367932,,,,,,,
230,0.248606058284572,0.507362169337627,0.49299114487635,0.658468509859796,0.0297939603292185,0.0205672780499836,-1.011439049240022,0.03618626253611357,-0.02960753504430147,0.6399407622341369,-1.8922212043959694,-1.9324324106318305,,,,,,,
231,0.875542056565468,0.0391855683308064,0.467275806809108,0.282974773076528,0.640747400897101,0.434106041894863,1.5121401405288157,-1.843158097650606,-0.13267742466862797,-0.8708726892227296,0.5628532135131112,-0.2686786315353864,,,,,,,
232,0.6833953029489,0.367399641859338,0.167914656980198,0.140111848372187,0.774738419993455,0.155400260999008,0.7386998688933772,-0.5256482804293714,-1.3325496795071774,-1.445687146067768,1.101286916263453,-1.3899708458619733,,,,,,,
233,0.185087862033145,0.344169214224785,0.227482914286716,0.301357741905039,0.720562547927532,0.783018181417465,-1.2671161816287984,-0.6188993593295893,-1.0937935842288709,-0.7969081090895138,0.8835848971810605,1.1350685899006794,,,,,,,
234,0.007192103889499,0.257005274700175,0.644559791095223,0.345978853758921,0.0791305397902984,0.0037728354261081,-1.9831925186559671,-0.9687909553746588,0.5778961888203455,-0.6173733541683757,-1.6939655501034756,-2.0,,,,,,,
235,0.181047966176615,0.255174192077849,0.612813162736738,0.135207917077121,0.159538577317796,0.10317902080896,-1.2833778050486178,-0.9761412475334377,0.4506522275588831,-1.4654183017165303,-1.3708513767148425,-1.6000679233584032,,,,,,,
236,0.216531315114948,0.773337194765049,0.199249631114725,0.203582463330227,0.799656513969915,0.422138043443243,-1.1405481681963356,1.103857442412663,-1.206955673432607,-1.1903106924621132,1.20141856460608,-0.3168284167380433,,,,,,,
237,0.919163844101271,0.143121746157216,0.863315139978701,0.524446346615024,0.527381469691714,0.234156099287309,1.6877290930657987,-1.425939746290536,1.4546915708290773,0.10069744819606274,0.10730000915422311,-1.073119476573605,,,,,,,
238,0.701084960889988,0.846202799082396,0.521297726387379,0.0545481601346558,0.384791279739823,0.958595775701657,0.8099053073698212,1.3963529713026435,0.08384834192510704,-1.789955927360751,-0.4656888707681053,1.841454330620651,,,,,,,
239,0.137546800098065,0.284238502055689,0.962400421995374,0.378185145572395,0.29214211106206,0.370235988912305,-1.4584812250907397,-0.8594719246281342,1.8518362264485742,-0.48779010383196186,-0.8379931885077585,-0.5256413429214495,,,,,,,
240,0.405948111278632,0.32967224106893,0.288257892470141,0.723740825433687,0.187212831451842,0.498682371863687,-0.3780966798433105,-0.677092794630807,-0.8502008195952968,0.9025664273692424,-1.259644288174579,-0.008874418680238305,,,,,,,
241,0.652162658923703,0.687409092977857,0.942095059507383,0.880596951480376,0.944887801642448,0.257711610933347,0.612980416318361,0.7589267194161993,1.7704501110902378,1.5336830665038512,1.785020514229955,-0.9783506787098415,,,,,,,
242,0.339262225806552,0.0414818767261597,0.618391056849017,0.56688226807835,0.403894068566021,0.560030586822971,-0.6465245788475225,-1.833940306281332,0.47300903768463165,0.2714400057710389,-0.38892562656028873,0.23794240577014447,,,,,,,
243,0.603197049183051,0.811262789093444,0.77123990615745,0.412352321528251,0.139544484497909,0.517128596701097,0.41588120029840736,1.2560975408168122,1.0856439556557942,-0.35031716094185006,-1.451196264773379,0.0653386393604718,,,,,,,
244,0.233363517233755,0.723668429752685,0.0706517368141445,0.823760919304795,0.567253509666364,0.982556017802022,-1.07279421069273,0.904478162878644,-1.722390109364299,1.3050011111830742,0.2675230618972009,1.93785144457416,,,,,,,
245,0.193043579563479,0.94314428914937,0.594236077124158,0.321536134700509,0.0322983788592464,0.625709085875653,-1.2350923653951122,1.7854933987261195,0.37619323508429403,-0.7157195717643958,-1.8821573706296943,0.5021808776084717,,,,,,,
246,0.226502528608484,0.0658942556734171,0.899448064984317,0.361744227068402,0.573801160251997,0.838478661535074,-1.1004114605610604,-1.735944664050163,1.5995162891506722,-0.553940769999999,0.293834345839318,1.3581978136964614,,,,,,,
247,0.704095681205617,0.717333182875708,0.484078644777701,0.129326920733678,0.39987530697036,0.0945116669361829,0.8220242336327406,0.8790473522336164,-0.06532981094993073,-1.4890807160613286,-0.40507474387438713,-1.634938518382013,,,,,,,
248,0.275859154960363,0.754164003159183,0.526241399752713,0.634658228123198,0.800493778253376,0.426302901423683,-0.9017383017691936,1.026892832404871,0.10366312587899928,0.5441391804586377,1.2047830535947064,-0.300072313537628,,,,,,,
249,0.290687014046337,0.883138165508544,0.780784632476122,0.0358488228941545,0.172199150687299,0.0410274924383035,-0.8420523422441462,1.5446181183329193,1.123900263451068,-1.8651934279334546,-1.3199757326287131,-1.8501166473084687,,,,,,,
