,Unnamed: 0,sc_param1,sc_param2,sc_param3,sc_param4,sc_param5,sc_param6,sc_param7,sc_param8,"SRK_kappa_A[emimTf2N,R32]","SRK_kappa_A[R32,emimTf2N]","SRK_kappa_B[emimTf2N,R32]","SRK_kappa_B[R32,emimTf2N]","SRK_kappa_C[emimTf2N,R32]","SRK_kappa_C[R32,emimTf2N]","SRK_kappa_D[emimTf2N,R32]","SRK_kappa_D[R32,emimTf2N]",SSR
0,0,0.54461576343933,0.4779987725493149,-0.617226733838746,-0.462823381466091,-1.8376261581127349,-0.0842934704541711,0.4262150404125968,-1.678303796859803,,,,,,,,,
1,1,0.54461576343933,0.4779987725493149,-0.617226733838746,-0.462823381466091,-1.8376261581127349,-0.0842934704541711,0.9829801616779884,1.0487537284602353,,,,,,,,,
2,2,0.54461576343933,0.4779987725493149,-0.617226733838746,-0.462823381466091,-1.8376261581127349,-0.0842934704541711,0.8350850939608394,0.976916483807615,,,,,,,,,
3,3,0.54461576343933,0.4779987725493149,-0.617226733838746,-0.462823381466091,-1.8376261581127349,-0.0842934704541711,-1.7018720315902054,-0.0161909989884745,,,,,,,,,
4,4,0.54461576343933,0.4779987725493149,-0.617226733838746,-0.462823381466091,-1.8376261581127349,-0.0842934704541711,0.797872841214188,0.2420608009160982,,,,,,,,,
5,5,0.54461576343933,0.4779987725493149,-0.617226733838746,-0.462823381466091,-1.8376261581127349,-0.0842934704541711,-0.7694406244464989,0.1231622280236641,,,,,,,,,
6,6,0.54461576343933,0.4779987725493149,-0.617226733838746,-0.462823381466091,-1.8376261581127349,-0.0842934704541711,-0.5775163548159639,0.2640183972802981,,,,,,,,,
7,7,0.54461576343933,0.4779987725493149,-0.617226733838746,-0.462823381466091,-1.8376261581127349,-0.0842934704541711,0.97295340461074,-1.144355737760489,,,,,,,,,
8,8,0.54461576343933,0.4779987725493149,-0.617226733838746,-0.462823381466091,-1.8376261581127349,-0.0842934704541711,-1.5442145632755595,1.1712520930232149,,,,,,,,,
9,9,0.54461576343933,0.4779987725493149,-0.617226733838746,-0.462823381466091,-1.8376261581127349,-0.0842934704541711,-1.0241132284329817,0.7367713897381933,,,,,,,,,
10,10,0.54461576343933,0.4779987725493149,-0.617226733838746,-0.462823381466091,-1.8376261581127349,-0.0842934704541711,-0.1899946663512302,0.8380593839491399,,,,,,,,,
11,11,0.54461576343933,0.4779987725493149,-0.617226733838746,-0.462823381466091,-1.8376261581127349,-0.0842934704541711,0.3779678937463178,-1.4051310601105236,,,,,,,,,
12,12,0.54461576343933,0.4779987725493149,-0.617226733838746,-0.462823381466091,-1.8376261581127349,-0.0842934704541711,-0.7760477506317829,-2.0,,,,,,,,,
13,13,0.54461576343933,0.4779987725493149,-0.617226733838746,-0.462823381466091,-1.8376261581127349,-0.0842934704541711,-0.2135523971892809,0.8676477449669875,,,,,,,,,
14,14,0.54461576343933,0.4779987725493149,-0.617226733838746,-0.462823381466091,-1.8376261581127349,-0.0842934704541711,-0.7102728784220227,1.2341189493281468,,,,,,,,,
15,15,0.54461576343933,0.4779987725493149,-0.617226733838746,-0.462823381466091,-1.8376261581127349,-0.0842934704541711,1.762532555761326,-0.0309272891868657,,,,,,,,,
16,16,0.54461576343933,0.4779987725493149,-0.617226733838746,-0.462823381466091,-1.8376261581127349,-0.0842934704541711,0.7197779653025571,-1.7648355651012857,,,,,,,,,
17,17,0.54461576343933,0.4779987725493149,-0.617226733838746,-0.462823381466091,-1.8376261581127349,-0.0842934704541711,-1.245931403041011,-0.8013989923111244,,,,,,,,,
18,18,0.54461576343933,0.4779987725493149,-0.617226733838746,-0.462823381466091,-1.8376261581127349,-0.0842934704541711,0.6643889886555869,1.791978382830716,,,,,,,,,
19,19,0.54461576343933,0.4779987725493149,-0.617226733838746,-0.462823381466091,-1.8376261581127349,-0.0842934704541711,-1.846030327004866,1.3807814728007777,,,,,,,,,
20,20,0.54461576343933,0.4779987725493149,-0.617226733838746,-0.462823381466091,-1.8376261581127349,-0.0842934704541711,1.1779828857324053,0.6580578930933134,,,,,,,,,
21,21,0.54461576343933,0.4779987725493149,-0.617226733838746,-0.462823381466091,-1.8376261581127349,-0.0842934704541711,-2.0,-1.3155550508369216,,,,,,,,,
22,22,0.54461576343933,0.4779987725493149,-0.617226733838746,-0.462823381466091,-1.8376261581127349,-0.0842934704541711,-0.4650383674042349,0.6315755323108792,,,,,,,,,
23,23,0.54461576343933,0.4779987725493149,-0.617226733838746,-0.462823381466091,-1.8376261581127349,-0.0842934704541711,0.7761598448327707,-1.6042135796430923,,,,,,,,,
24,24,0.54461576343933,0.4779987725493149,-0.617226733838746,-0.462823381466091,-1.8376261581127349,-0.0842934704541711,-1.8431791234445825,-0.0420969375726394,,,,,,,,,
25,25,0.54461576343933,0.4779987725493149,-0.617226733838746,-0.462823381466091,-1.8376261581127349,-0.0842934704541711,-0.2410887536896455,-0.4381488107940849,,,,,,,,,
26,26,0.54461576343933,0.4779987725493149,-0.617226733838746,-0.462823381466091,-1.8376261581127349,-0.0842934704541711,-1.258584882504404,0.5362912256695473,,,,,,,,,
27,27,0.54461576343933,0.4779987725493149,-0.617226733838746,-0.462823381466091,-1.8376261581127349,-0.0842934704541711,0.3299779530405069,-0.4698162058956598,,,,,,,,,
28,28,0.54461576343933,0.4779987725493149,-0.617226733838746,-0.462823381466091,-1.8376261581127349,-0.0842934704541711,-1.172419761067129,-1.9332815133450496,,,,,,,,,
29,29,0.54461576343933,0.4779987725493149,-0.617226733838746,-0.462823381466091,-1.8376261581127349,-0.0842934704541711,-0.4792021256860299,-0.4507176447440184,,,,,,,,,
30,30,0.54461576343933,0.4779987725493149,-0.617226733838746,-0.462823381466091,-1.8376261581127349,-0.0842934704541711,1.5794857059916056,-0.3810041539683446,,,,,,,,,
31,31,0.54461576343933,0.4779987725493149,-0.617226733838746,-0.462823381466091,-1.8376261581127349,-0.0842934704541711,-1.9845912058790656,-1.9912321652630611,,,,,,,,,
32,32,0.54461576343933,0.4779987725493149,-0.617226733838746,-0.462823381466091,-1.8376261581127349,-0.0842934704541711,0.807816142591403,0.1674609652399983,,,,,,,,,
33,33,0.54461576343933,0.4779987725493149,-0.617226733838746,-0.462823381466091,-1.8376261581127349,-0.0842934704541711,-0.9221322579586844,-0.8869672916490121,,,,,,,,,
34,34,0.54461576343933,0.4779987725493149,-0.617226733838746,-0.462823381466091,-1.8376261581127349,-0.0842934704541711,1.3253705168714878,1.2939371663469368,,,,,,,,,
35,35,0.54461576343933,0.4779987725493149,-0.617226733838746,-0.462823381466091,-1.8376261581127349,-0.0842934704541711,-0.8525484173029318,1.72544344884199,,,,,,,,,
36,36,0.54461576343933,0.4779987725493149,-0.617226733838746,-0.462823381466091,-1.8376261581127349,-0.0842934704541711,-0.4348562256560251,-1.0378214896108835,,,,,,,,,
37,37,0.54461576343933,0.4779987725493149,-0.617226733838746,-0.462823381466091,-1.8376261581127349,-0.0842934704541711,1.8771088523477788,-0.9209751092039647,,,,,,,,,
38,38,0.54461576343933,0.4779987725493149,-0.617226733838746,-0.462823381466091,-1.8376261581127349,-0.0842934704541711,1.4043891271511453,-1.5568893590836914,,,,,,,,,
39,39,0.54461576343933,0.4779987725493149,-0.617226733838746,-0.462823381466091,-1.8376261581127349,-0.0842934704541711,1.59134298791855,0.7858701382652704,,,,,,,,,
40,40,0.54461576343933,0.4779987725493149,-0.617226733838746,-0.462823381466091,-1.8376261581127349,-0.0842934704541711,1.840916620862493,0.7737779916428633,,,,,,,,,
41,41,0.54461576343933,0.4779987725493149,-0.617226733838746,-0.462823381466091,-1.8376261581127349,-0.0842934704541711,-1.4528899252833671,0.2791683896047137,,,,,,,,,
42,42,0.54461576343933,0.4779987725493149,-0.617226733838746,-0.462823381466091,-1.8376261581127349,-0.0842934704541711,-0.5797172403031319,-0.6172532661523646,,,,,,,,,
43,43,0.54461576343933,0.4779987725493149,-0.617226733838746,-0.462823381466091,-1.8376261581127349,-0.0842934704541711,0.9409368618153832,0.3474236005318407,,,,,,,,,
44,44,0.54461576343933,0.4779987725493149,-0.617226733838746,-0.462823381466091,-1.8376261581127349,-0.0842934704541711,0.5375550730031691,-0.2129108863384563,,,,,,,,,
45,45,0.54461576343933,0.4779987725493149,-0.617226733838746,-0.462823381466091,-1.8376261581127349,-0.0842934704541711,1.3822935634017797,0.4370207385871705,,,,,,,,,
46,46,0.54461576343933,0.4779987725493149,-0.617226733838746,-0.462823381466091,-1.8376261581127349,-0.0842934704541711,-1.1047642399529087,1.456852938565785,,,,,,,,,
47,47,0.54461576343933,0.4779987725493149,-0.617226733838746,-0.462823381466091,-1.8376261581127349,-0.0842934704541711,-0.6871254911871896,-0.7798379025495916,,,,,,,,,
48,48,0.54461576343933,0.4779987725493149,-0.617226733838746,-0.462823381466091,-1.8376261581127349,-0.0842934704541711,-1.1266090187754236,-0.0558672653106544,,,,,,,,,
49,49,0.54461576343933,0.4779987725493149,-0.617226733838746,-0.462823381466091,-1.8376261581127349,-0.0842934704541711,-1.897854738699717,-1.9540118905756632,,,,,,,,,
50,50,0.54461576343933,0.4779987725493149,-0.617226733838746,-0.462823381466091,-1.8376261581127349,-0.0842934704541711,0.8173284365617164,-1.208110833984022,,,,,,,,,
51,51,0.54461576343933,0.4779987725493149,-0.617226733838746,-0.462823381466091,-1.8376261581127349,-0.0842934704541711,-0.8872690689423688,1.1123692789341764,,,,,,,,,
52,52,0.54461576343933,0.4779987725493149,-0.617226733838746,-0.462823381466091,-1.8376261581127349,-0.0842934704541711,-1.8627156565908904,-0.955118030973966,,,,,,,,,
53,53,0.54461576343933,0.4779987725493149,-0.617226733838746,-0.462823381466091,-1.8376261581127349,-0.0842934704541711,-0.9104017456174652,-1.726259970268068,,,,,,,,,
54,54,0.54461576343933,0.4779987725493149,-0.617226733838746,-0.462823381466091,-1.8376261581127349,-0.0842934704541711,-1.5121277279358774,0.7018442953791397,,,,,,,,,
55,55,0.54461576343933,0.4779987725493149,-0.617226733838746,-0.462823381466091,-1.8376261581127349,-0.0842934704541711,-1.6411008968519745,0.3516325882463778,,,,,,,,,
56,56,0.54461576343933,0.4779987725493149,-0.617226733838746,-0.462823381466091,-1.8376261581127349,-0.0842934704541711,0.2716697624356445,0.397922095860983,,,,,,,,,
57,57,0.54461576343933,0.4779987725493149,-0.617226733838746,-0.462823381466091,-1.8376261581127349,-0.0842934704541711,-1.9334016024389808,1.5236707572508394,,,,,,,,,
58,58,0.54461576343933,0.4779987725493149,-0.617226733838746,-0.462823381466091,-1.8376261581127349,-0.0842934704541711,1.4347316814107065,-1.344812934519935,,,,,,,,,
59,59,0.54461576343933,0.4779987725493149,-0.617226733838746,-0.462823381466091,-1.8376261581127349,-0.0842934704541711,-1.6865050792425067,0.5437380827876992,,,,,,,,,
60,60,0.54461576343933,0.4779987725493149,-0.617226733838746,-0.462823381466091,-1.8376261581127349,-0.0842934704541711,-0.0922360074642625,-0.5906483794454305,,,,,,,,,
61,61,0.54461576343933,0.4779987725493149,-0.617226733838746,-0.462823381466091,-1.8376261581127349,-0.0842934704541711,-1.388076938655152,0.6792535902274781,,,,,,,,,
62,62,0.54461576343933,0.4779987725493149,-0.617226733838746,-0.462823381466091,-1.8376261581127349,-0.0842934704541711,-0.2453371195941469,-0.8587777499998623,,,,,,,,,
63,63,0.54461576343933,0.4779987725493149,-0.617226733838746,-0.462823381466091,-1.8376261581127349,-0.0842934704541711,1.483638317036997,0.4283232828768639,,,,,,,,,
64,64,0.54461576343933,0.4779987725493149,-0.617226733838746,-0.462823381466091,-1.8376261581127349,-0.0842934704541711,0.7005688173236835,-0.6894678189245049,,,,,,,,,
65,65,0.54461576343933,0.4779987725493149,-0.617226733838746,-0.462823381466091,-1.8376261581127349,-0.0842934704541711,1.9133983057567128,1.6943207338952706,,,,,,,,,
66,66,0.54461576343933,0.4779987725493149,-0.617226733838746,-0.462823381466091,-1.8376261581127349,-0.0842934704541711,-0.3863674093983391,-0.5582134019655463,,,,,,,,,
67,67,0.54461576343933,0.4779987725493149,-0.617226733838746,-0.462823381466091,-1.8376261581127349,-0.0842934704541711,-0.3150285212971924,0.6030513369055557,,,,,,,,,
68,68,0.54461576343933,0.4779987725493149,-0.617226733838746,-0.462823381466091,-1.8376261581127349,-0.0842934704541711,1.1366480927572633,0.9278542010407064,,,,,,,,,
69,69,0.54461576343933,0.4779987725493149,-0.617226733838746,-0.462823381466091,-1.8376261581127349,-0.0842934704541711,1.6684706861112395,-1.2385483648258009,,,,,,,,,
70,70,0.54461576343933,0.4779987725493149,-0.617226733838746,-0.462823381466091,-1.8376261581127349,-0.0842934704541711,0.7470788118073091,0.6166001274607478,,,,,,,,,
71,71,0.54461576343933,0.4779987725493149,-0.617226733838746,-0.462823381466091,-1.8376261581127349,-0.0842934704541711,-1.2849778794435216,1.1687095420818236,,,,,,,,,
72,72,0.54461576343933,0.4779987725493149,-0.617226733838746,-0.462823381466091,-1.8376261581127349,-0.0842934704541711,-0.6675373146707011,0.8038846721820083,,,,,,,,,
73,73,0.54461576343933,0.4779987725493149,-0.617226733838746,-0.462823381466091,-1.8376261581127349,-0.0842934704541711,-0.9887165409567612,-1.293529103583329,,,,,,,,,
74,74,0.54461576343933,0.4779987725493149,-0.617226733838746,-0.462823381466091,-1.8376261581127349,-0.0842934704541711,-1.0712898113560234,-1.5100170319102109,,,,,,,,,
75,75,0.54461576343933,0.4779987725493149,-0.617226733838746,-0.462823381466091,-1.8376261581127349,-0.0842934704541711,0.901068573531444,1.261429232916763,,,,,,,,,
76,76,0.54461576343933,0.4779987725493149,-0.617226733838746,-0.462823381466091,-1.8376261581127349,-0.0842934704541711,-0.7348322549185116,1.9361176497725845,,,,,,,,,
77,77,0.54461576343933,0.4779987725493149,-0.617226733838746,-0.462823381466091,-1.8376261581127349,-0.0842934704541711,1.9443991687049973,0.9096831416733218,,,,,,,,,
78,78,0.54461576343933,0.4779987725493149,-0.617226733838746,-0.462823381466091,-1.8376261581127349,-0.0842934704541711,1.4592926208445056,1.6616432631147804,,,,,,,,,
79,79,0.54461576343933,0.4779987725493149,-0.617226733838746,-0.462823381466091,-1.8376261581127349,-0.0842934704541711,0.5024197672427051,0.2085986280675689,,,,,,,,,
80,80,0.54461576343933,0.4779987725493149,-0.617226733838746,-0.462823381466091,-1.8376261581127349,-0.0842934704541711,1.5422531507249286,-0.420364638171973,,,,,,,,,
81,81,0.54461576343933,0.4779987725493149,-0.617226733838746,-0.462823381466091,-1.8376261581127349,-0.0842934704541711,-0.7496059938843231,-1.8157282582935224,,,,,,,,,
82,82,0.54461576343933,0.4779987725493149,-0.617226733838746,-0.462823381466091,-1.8376261581127349,-0.0842934704541711,0.549163467870156,0.2006899884403741,,,,,,,,,
83,83,0.54461576343933,0.4779987725493149,-0.617226733838746,-0.462823381466091,-1.8376261581127349,-0.0842934704541711,0.5775377174222731,1.0652680806256174,,,,,,,,,
84,84,0.54461576343933,0.4779987725493149,-0.617226733838746,-0.462823381466091,-1.8376261581127349,-0.0842934704541711,-0.8338622221987637,1.2664883277454035,,,,,,,,,
85,85,0.54461576343933,0.4779987725493149,-0.617226733838746,-0.462823381466091,-1.8376261581127349,-0.0842934704541711,0.3145073240616991,-1.187409143355003,,,,,,,,,
86,86,0.54461576343933,0.4779987725493149,-0.617226733838746,-0.462823381466091,-1.8376261581127349,-0.0842934704541711,-1.5251424848647597,0.8272961220620556,,,,,,,,,
87,87,0.54461576343933,0.4779987725493149,-0.617226733838746,-0.462823381466091,-1.8376261581127349,-0.0842934704541711,1.2686267045523998,0.5802289906464266,,,,,,,,,
88,88,0.54461576343933,0.4779987725493149,-0.617226733838746,-0.462823381466091,-1.8376261581127349,-0.0842934704541711,1.5110549385843697,1.8970723184101548,,,,,,,,,
89,89,0.54461576343933,0.4779987725493149,-0.617226733838746,-0.462823381466091,-1.8376261581127349,-0.0842934704541711,0.6856832958578352,-0.5089907222802439,,,,,,,,,
90,90,0.54461576343933,0.4779987725493149,-0.617226733838746,-0.462823381466091,-1.8376261581127349,-0.0842934704541711,-1.73971764912428,-1.7913482312395144,,,,,,,,,
91,91,0.54461576343933,0.4779987725493149,-0.617226733838746,-0.462823381466091,-1.8376261581127349,-0.0842934704541711,1.8435630136045973,-0.8128005908953269,,,,,,,,,
92,92,0.54461576343933,0.4779987725493149,-0.617226733838746,-0.462823381466091,-1.8376261581127349,-0.0842934704541711,-1.718190914160336,-0.8350740331792514,,,,,,,,,
93,93,0.54461576343933,0.4779987725493149,-0.617226733838746,-0.462823381466091,-1.8376261581127349,-0.0842934704541711,-1.0372794125840548,-0.3037021633670611,,,,,,,,,
94,94,0.54461576343933,0.4779987725493149,-0.617226733838746,-0.462823381466091,-1.8376261581127349,-0.0842934704541711,-0.5008394311642606,-1.776182051849291,,,,,,,,,
95,95,0.54461576343933,0.4779987725493149,-0.617226733838746,-0.462823381466091,-1.8376261581127349,-0.0842934704541711,-0.2993867109240817,-1.5317894304826705,,,,,,,,,
96,96,0.54461576343933,0.4779987725493149,-0.617226733838746,-0.462823381466091,-1.8376261581127349,-0.0842934704541711,-1.3572472979186618,-1.1539122619994395,,,,,,,,,
97,97,0.54461576343933,0.4779987725493149,-0.617226733838746,-0.462823381466091,-1.8376261581127349,-0.0842934704541711,1.8675811265903075,1.0857625088496223,,,,,,,,,
98,98,0.54461576343933,0.4779987725493149,-0.617226733838746,-0.462823381466091,-1.8376261581127349,-0.0842934704541711,-1.470066933522282,1.4177120643733714,,,,,,,,,
99,99,0.54461576343933,0.4779987725493149,-0.617226733838746,-0.462823381466091,-1.8376261581127349,-0.0842934704541711,1.0660027951419937,0.2870784374057371,,,,,,,,,
100,100,0.54461576343933,0.4779987725493149,-0.617226733838746,-0.462823381466091,-1.8376261581127349,-0.0842934704541711,0.6427503326068389,-0.7695121066758943,,,,,,,,,
101,101,0.54461576343933,0.4779987725493149,-0.617226733838746,-0.462823381466091,-1.8376261581127349,-0.0842934704541711,-0.7975997577093732,-1.0211597686115754,,,,,,,,,
102,102,0.54461576343933,0.4779987725493149,-0.617226733838746,-0.462823381466091,-1.8376261581127349,-0.0842934704541711,-1.4984328707027912,-1.9305460909329584,,,,,,,,,
103,103,0.54461576343933,0.4779987725493149,-0.617226733838746,-0.462823381466091,-1.8376261581127349,-0.0842934704541711,1.8967674807473045,1.439640955425689,,,,,,,,,
104,104,0.54461576343933,0.4779987725493149,-0.617226733838746,-0.462823381466091,-1.8376261581127349,-0.0842934704541711,1.3353953909556466,-1.101325155694259,,,,,,,,,
105,105,0.54461576343933,0.4779987725493149,-0.617226733838746,-0.462823381466091,-1.8376261581127349,-0.0842934704541711,-1.4416753736620294,1.9456884131436796,,,,,,,,,
106,106,0.54461576343933,0.4779987725493149,-0.617226733838746,-0.462823381466091,-1.8376261581127349,-0.0842934704541711,-0.417478609520113,-1.4382929260445958,,,,,,,,,
107,107,0.54461576343933,0.4779987725493149,-0.617226733838746,-0.462823381466091,-1.8376261581127349,-0.0842934704541711,-0.1246941855423258,-0.1300572773945407,,,,,,,,,
108,108,0.54461576343933,0.4779987725493149,-0.617226733838746,-0.462823381466091,-1.8376261581127349,-0.0842934704541711,1.01697356937452,-0.6041421575251984,,,,,,,,,
109,109,0.54461576343933,0.4779987725493149,-0.617226733838746,-0.462823381466091,-1.8376261581127349,-0.0842934704541711,1.5372441711282536,1.0968168581914122,,,,,,,,,
110,110,0.54461576343933,0.4779987725493149,-0.617226733838746,-0.462823381466091,-1.8376261581127349,-0.0842934704541711,1.9370334564911684,1.70311605078607,,,,,,,,,
111,111,0.54461576343933,0.4779987725493149,-0.617226733838746,-0.462823381466091,-1.8376261581127349,-0.0842934704541711,0.947205216265115,-0.6750758469830196,,,,,,,,,
112,112,0.54461576343933,0.4779987725493149,-0.617226733838746,-0.462823381466091,-1.8376261581127349,-0.0842934704541711,0.5134822918720774,1.6730249850776882,,,,,,,,,
113,113,0.54461576343933,0.4779987725493149,-0.617226733838746,-0.462823381466091,-1.8376261581127349,-0.0842934704541711,1.4150549438136455,-1.4708089105173143,,,,,,,,,
114,114,0.54461576343933,0.4779987725493149,-0.617226733838746,-0.462823381466091,-1.8376261581127349,-0.0842934704541711,-0.4891105233718731,-1.880398828845816,,,,,,,,,
115,115,0.54461576343933,0.4779987725493149,-0.617226733838746,-0.462823381466091,-1.8376261581127349,-0.0842934704541711,1.650854497869381,1.613503805145858,,,,,,,,,
116,116,0.54461576343933,0.4779987725493149,-0.617226733838746,-0.462823381466091,-1.8376261581127349,-0.0842934704541711,1.2161557027466263,1.7748111639321071,,,,,,,,,
117,117,0.54461576343933,0.4779987725493149,-0.617226733838746,-0.462823381466091,-1.8376261581127349,-0.0842934704541711,1.7081679053756864,0.1383211010650509,,,,,,,,,
118,118,0.54461576343933,0.4779987725493149,-0.617226733838746,-0.462823381466091,-1.8376261581127349,-0.0842934704541711,-0.2575487232554458,-1.7401865435693469,,,,,,,,,
119,119,0.54461576343933,0.4779987725493149,-0.617226733838746,-0.462823381466091,-1.8376261581127349,-0.0842934704541711,-1.661347350645831,1.5076648993327186,,,,,,,,,
120,120,0.54461576343933,0.4779987725493149,-0.617226733838746,-0.462823381466091,-1.8376261581127349,-0.0842934704541711,1.6892157587848584,1.3471878022843806,,,,,,,,,
121,121,0.54461576343933,0.4779987725493149,-0.617226733838746,-0.462823381466091,-1.8376261581127349,-0.0842934704541711,0.4638494617038287,0.005649181645198,,,,,,,,,
122,122,0.54461576343933,0.4779987725493149,-0.617226733838746,-0.462823381466091,-1.8376261581127349,-0.0842934704541711,1.047686537985006,-0.4012739328097408,,,,,,,,,
123,123,0.54461576343933,0.4779987725493149,-0.617226733838746,-0.462823381466091,-1.8376261581127349,-0.0842934704541711,0.2498874030432292,-1.670470780660514,,,,,,,,,
124,124,0.54461576343933,0.4779987725493149,-0.617226733838746,-0.462823381466091,-1.8376261581127349,-0.0842934704541711,1.9864492101675475,-0.568841935394198,,,,,,,,,
125,125,0.54461576343933,0.4779987725493149,-0.617226733838746,-0.462823381466091,-1.8376261581127349,-0.0842934704541711,-1.3469538136043004,0.8925041379096275,,,,,,,,,
126,126,0.54461576343933,0.4779987725493149,-0.617226733838746,-0.462823381466091,-1.8376261581127349,-0.0842934704541711,0.9267851612658098,-0.1634359335683137,,,,,,,,,
127,127,0.54461576343933,0.4779987725493149,-0.617226733838746,-0.462823381466091,-1.8376261581127349,-0.0842934704541711,-1.3240635121836766,-0.291832844437762,,,,,,,,,
128,128,0.54461576343933,0.4779987725493149,-0.617226733838746,-0.462823381466091,-1.8376261581127349,-0.0842934704541711,-1.5855519445989266,1.3396714646786014,,,,,,,,,
129,129,0.54461576343933,0.4779987725493149,-0.617226733838746,-0.462823381466091,-1.8376261581127349,-0.0842934704541711,0.5973715931582517,-1.969048294729043,,,,,,,,,
130,130,0.54461576343933,0.4779987725493149,-0.617226733838746,-0.462823381466091,-1.8376261581127349,-0.0842934704541711,0.1428938747339083,-1.0746989064440262,,,,,,,,,
131,131,0.54461576343933,0.4779987725493149,-0.617226733838746,-0.462823381466091,-1.8376261581127349,-0.0842934704541711,1.114203031213581,-1.380426685999308,,,,,,,,,
132,132,0.54461576343933,0.4779987725493149,-0.617226733838746,-0.462823381466091,-1.8376261581127349,-0.0842934704541711,-1.7550870924720527,-1.884985144530436,,,,,,,,,
133,133,0.54461576343933,0.4779987725493149,-0.617226733838746,-0.462823381466091,-1.8376261581127349,-0.0842934704541711,-1.808406060657873,-0.9817568070559431,,,,,,,,,
134,134,0.54461576343933,0.4779987725493149,-0.617226733838746,-0.462823381466091,-1.8376261581127349,-0.0842934704541711,0.2877232753753858,1.5784925957468685,,,,,,,,,
135,135,0.54461576343933,0.4779987725493149,-0.617226733838746,-0.462823381466091,-1.8376261581127349,-0.0842934704541711,1.0850729739715557,-1.3689190919512868,,,,,,,,,
136,136,0.54461576343933,0.4779987725493149,-0.617226733838746,-0.462823381466091,-1.8376261581127349,-0.0842934704541711,-1.2172301261943952,1.9867026582408265,,,,,,,,,
137,137,0.54461576343933,0.4779987725493149,-0.617226733838746,-0.462823381466091,-1.8376261581127349,-0.0842934704541711,0.0785390524106079,-1.4337959321692295,,,,,,,,,
138,138,0.54461576343933,0.4779987725493149,-0.617226733838746,-0.462823381466091,-1.8376261581127349,-0.0842934704541711,0.2343156332901972,-0.3727571688823481,,,,,,,,,
139,139,0.54461576343933,0.4779987725493149,-0.617226733838746,-0.462823381466091,-1.8376261581127349,-0.0842934704541711,0.436322124608254,-0.6326004442885218,,,,,,,,,
140,140,0.54461576343933,0.4779987725493149,-0.617226733838746,-0.462823381466091,-1.8376261581127349,-0.0842934704541711,-1.8201491766074185,0.4872678408820059,,,,,,,,,
141,141,0.54461576343933,0.4779987725493149,-0.617226733838746,-0.462823381466091,-1.8376261581127349,-0.0842934704541711,-1.003408985479798,1.485197740900975,,,,,,,,,
142,142,0.54461576343933,0.4779987725493149,-0.617226733838746,-0.462823381466091,-1.8376261581127349,-0.0842934704541711,-1.2226613516463924,-0.9500396580910108,,,,,,,,,
143,143,0.54461576343933,0.4779987725493149,-0.617226733838746,-0.462823381466091,-1.8376261581127349,-0.0842934704541711,0.0292759784768033,-1.0159608684593755,,,,,,,,,
144,144,0.54461576343933,0.4779987725493149,-0.617226733838746,-0.462823381466091,-1.8376261581127349,-0.0842934704541711,1.0012743648053872,-1.5910264527280449,,,,,,,,,
145,145,0.54461576343933,0.4779987725493149,-0.617226733838746,-0.462823381466091,-1.8376261581127349,-0.0842934704541711,1.7965209238998343,-1.268863409934916,,,,,,,,,
146,146,0.54461576343933,0.4779987725493149,-0.617226733838746,-0.462823381466091,-1.8376261581127349,-0.0842934704541711,-1.8865553228506848,0.9657839395425089,,,,,,,,,
147,147,0.54461576343933,0.4779987725493149,-0.617226733838746,-0.462823381466091,-1.8376261581127349,-0.0842934704541711,1.3545179676029997,1.6460268449486255,,,,,,,,,
148,148,0.54461576343933,0.4779987725493149,-0.617226733838746,-0.462823381466091,-1.8376261581127349,-0.0842934704541711,1.45568218987848,0.3857447351233665,,,,,,,,,
149,149,0.54461576343933,0.4779987725493149,-0.617226733838746,-0.462823381466091,-1.8376261581127349,-0.0842934704541711,-0.0992521126286067,-0.1836030451406336,,,,,,,,,
150,150,0.54461576343933,0.4779987725493149,-0.617226733838746,-0.462823381466091,-1.8376261581127349,-0.0842934704541711,-0.5295092536595758,0.722801499700596,,,,,,,,,
151,151,0.54461576343933,0.4779987725493149,-0.617226733838746,-0.462823381466091,-1.8376261581127349,-0.0842934704541711,-1.603319878905631,-1.821859183630536,,,,,,,,,
152,152,0.54461576343933,0.4779987725493149,-0.617226733838746,-0.462823381466091,-1.8376261581127349,-0.0842934704541711,-1.306083380679904,1.5391216184417953,,,,,,,,,
153,153,0.54461576343933,0.4779987725493149,-0.617226733838746,-0.462823381466091,-1.8376261581127349,-0.0842934704541711,0.7564893230860976,0.5645130740899322,,,,,,,,,
154,154,0.54461576343933,0.4779987725493149,-0.617226733838746,-0.462823381466091,-1.8376261581127349,-0.0842934704541711,0.390973830554203,-1.336542959209004,,,,,,,,,
155,155,0.54461576343933,0.4779987725493149,-0.617226733838746,-0.462823381466091,-1.8376261581127349,-0.0842934704541711,0.7244202767910455,-0.2645480958301021,,,,,,,,,
156,156,0.54461576343933,0.4779987725493149,-0.617226733838746,-0.462823381466091,-1.8376261581127349,-0.0842934704541711,-0.1607217448486737,-0.1487340536041734,,,,,,,,,
157,157,0.54461576343933,0.4779987725493149,-0.617226733838746,-0.462823381466091,-1.8376261581127349,-0.0842934704541711,1.232795106394025,0.3132747707409056,,,,,,,,,
158,158,0.54461576343933,0.4779987725493149,-0.617226733838746,-0.462823381466091,-1.8376261581127349,-0.0842934704541711,-0.1346750030005772,1.872516559571648,,,,,,,,,
159,159,0.54461576343933,0.4779987725493149,-0.617226733838746,-0.462823381466091,-1.8376261581127349,-0.0842934704541711,1.6425951212108387,0.0214018508868751,,,,,,,,,
160,160,0.54461576343933,0.4779987725493149,-0.617226733838746,-0.462823381466091,-1.8376261581127349,-0.0842934704541711,-1.6226042906887883,0.0474555367328943,,,,,,,,,
161,161,0.54461576343933,0.4779987725493149,-0.617226733838746,-0.462823381466091,-1.8376261581127349,-0.0842934704541711,0.6186370226210776,1.7983329835827069,,,,,,,,,
162,162,0.54461576343933,0.4779987725493149,-0.617226733838746,-0.462823381466091,-1.8376261581127349,-0.0842934704541711,1.2993724663428146,-1.698389847931446,,,,,,,,,
163,163,0.54461576343933,0.4779987725493149,-0.617226733838746,-0.462823381466091,-1.8376261581127349,-0.0842934704541711,-0.6431038395615212,0.5035461651506568,,,,,,,,,
164,164,0.54461576343933,0.4779987725493149,-0.617226733838746,-0.462823381466091,-1.8376261581127349,-0.0842934704541711,0.093878952557564,-1.527423201800005,,,,,,,,,
165,165,0.54461576343933,0.4779987725493149,-0.617226733838746,-0.462823381466091,-1.8376261581127349,-0.0842934704541711,1.5026703524796354,0.2327907895401697,,,,,,,,,
166,166,0.54461576343933,0.4779987725493149,-0.617226733838746,-0.462823381466091,-1.8376261581127349,-0.0842934704541711,0.0534450961462344,1.2032539824982988,,,,,,,,,
167,167,0.54461576343933,0.4779987725493149,-0.617226733838746,-0.462823381466091,-1.8376261581127349,-0.0842934704541711,1.2611425011989663,-1.9117043849076432,,,,,,,,,
168,168,0.54461576343933,0.4779987725493149,-0.617226733838746,-0.462823381466091,-1.8376261581127349,-0.0842934704541711,0.339852356398167,-0.1807060352553904,,,,,,,,,
169,169,0.54461576343933,0.4779987725493149,-0.617226733838746,-0.462823381466091,-1.8376261581127349,-0.0842934704541711,1.5651869895582706,-0.8912055356001112,,,,,,,,,
170,170,0.54461576343933,0.4779987725493149,-0.617226733838746,-0.462823381466091,-1.8376261581127349,-0.0842934704541711,-0.1733774927586144,0.5226106928001188,,,,,,,,,
171,171,0.54461576343933,0.4779987725493149,-0.617226733838746,-0.462823381466091,-1.8376261581127349,-0.0842934704541711,-1.5597354555462937,0.1835503825330247,,,,,,,,,
172,172,0.54461576343933,0.4779987725493149,-0.617226733838746,-0.462823381466091,-1.8376261581127349,-0.0842934704541711,1.8158049388573088,-1.7199662926312518,,,,,,,,,
173,173,0.54461576343933,0.4779987725493149,-0.617226733838746,-0.462823381466091,-1.8376261581127349,-0.0842934704541711,-0.2754293732228088,1.5648349991913473,,,,,,,,,
174,174,0.54461576343933,0.4779987725493149,-0.617226733838746,-0.462823381466091,-1.8376261581127349,-0.0842934704541711,0.0001106622518789,1.8181776028725476,,,,,,,,,
175,175,0.54461576343933,0.4779987725493149,-0.617226733838746,-0.462823381466091,-1.8376261581127349,-0.0842934704541711,0.8576593451238295,-1.280106927833973,,,,,,,,,
176,176,0.54461576343933,0.4779987725493149,-0.617226733838746,-0.462823381466091,-1.8376261581127349,-0.0842934704541711,-1.7698049496804125,-1.636368993360573,,,,,,,,,
177,177,0.54461576343933,0.4779987725493149,-0.617226733838746,-0.462823381466091,-1.8376261581127349,-0.0842934704541711,-0.612658010040299,1.9663427572566992,,,,,,,,,
178,178,0.54461576343933,0.4779987725493149,-0.617226733838746,-0.462823381466091,-1.8376261581127349,-0.0842934704541711,1.241495965935699,-0.4810545065234282,,,,,,,,,
179,179,0.54461576343933,0.4779987725493149,-0.617226733838746,-0.462823381466091,-1.8376261581127349,-0.0842934704541711,-1.94763992630278,0.9597843403247436,,,,,,,,,
180,180,0.54461576343933,0.4779987725493149,-0.617226733838746,-0.462823381466091,-1.8376261581127349,-0.0842934704541711,-1.781157434039058,1.7505371761211928,,,,,,,,,
181,181,0.54461576343933,0.4779987725493149,-0.617226733838746,-0.462823381466091,-1.8376261581127349,-0.0842934704541711,-0.976819460553816,1.4686922143008907,,,,,,,,,
182,182,0.54461576343933,0.4779987725493149,-0.617226733838746,-0.462823381466091,-1.8376261581127349,-0.0842934704541711,-0.5603692275497187,1.84853607399334,,,,,,,,,
183,183,0.54461576343933,0.4779987725493149,-0.617226733838746,-0.462823381466091,-1.8376261581127349,-0.0842934704541711,1.1568023566225465,-0.9197065918611624,,,,,,,,,
184,184,0.54461576343933,0.4779987725493149,-0.617226733838746,-0.462823381466091,-1.8376261581127349,-0.0842934704541711,-1.1945663618639295,0.7590054559141599,,,,,,,,,
185,185,0.54461576343933,0.4779987725493149,-0.617226733838746,-0.462823381466091,-1.8376261581127349,-0.0842934704541711,-0.3501950247139882,1.592182083611711,,,,,,,,,
186,186,0.54461576343933,0.4779987725493149,-0.617226733838746,-0.462823381466091,-1.8376261581127349,-0.0842934704541711,0.8828087378842855,1.4995561411603897,,,,,,,,,
187,187,0.54461576343933,0.4779987725493149,-0.617226733838746,-0.462823381466091,-1.8376261581127349,-0.0842934704541711,1.366956697905385,1.3160168770428542,,,,,,,,,
188,188,0.54461576343933,0.4779987725493149,-0.617226733838746,-0.462823381466091,-1.8376261581127349,-0.0842934704541711,0.1262966233684714,-1.8630400594101664,,,,,,,,,
189,189,0.54461576343933,0.4779987725493149,-0.617226733838746,-0.462823381466091,-1.8376261581127349,-0.0842934704541711,1.7444178797386178,1.6269276446314105,,,,,,,,,
190,190,0.54461576343933,0.4779987725493149,-0.617226733838746,-0.462823381466091,-1.8376261581127349,-0.0842934704541711,1.78768342963286,0.3273021249804082,,,,,,,,,
191,191,0.54461576343933,0.4779987725493149,-0.617226733838746,-0.462823381466091,-1.8376261581127349,-0.0842934704541711,0.4675299337664249,0.0329212128127371,,,,,,,,,
192,192,0.54461576343933,0.4779987725493149,-0.617226733838746,-0.462823381466091,-1.8376261581127349,-0.0842934704541711,1.7209397502211443,0.8619962322162058,,,,,,,,,
193,193,0.54461576343933,0.4779987725493149,-0.617226733838746,-0.462823381466091,-1.8376261581127349,-0.0842934704541711,1.6266378606449812,-0.2461219049346159,,,,,,,,,
194,194,0.54461576343933,0.4779987725493149,-0.617226733838746,-0.462823381466091,-1.8376261581127349,-0.0842934704541711,-0.5944481990914174,1.396056520999788,,,,,,,,,
195,195,0.54461576343933,0.4779987725493149,-0.617226733838746,-0.462823381466091,-1.8376261581127349,-0.0842934704541711,2.0,-1.3969229418413522,,,,,,,,,
196,196,0.54461576343933,0.4779987725493149,-0.617226733838746,-0.462823381466091,-1.8376261581127349,-0.0842934704541711,1.6032397329951555,0.4680589325373225,,,,,,,,,
197,197,0.54461576343933,0.4779987725493149,-0.617226733838746,-0.462823381466091,-1.8376261581127349,-0.0842934704541711,-0.5392579390550762,0.1496547991145482,,,,,,,,,
198,198,0.54461576343933,0.4779987725493149,-0.617226733838746,-0.462823381466091,-1.8376261581127349,-0.0842934704541711,1.193290807124468,-0.2373798769889052,,,,,,,,,
199,199,0.54461576343933,0.4779987725493149,-0.617226733838746,-0.462823381466091,-1.8376261581127349,-0.0842934704541711,-0.6294672424312,-1.115865574349515,,,,,,,,,
200,200,0.54461576343933,0.4779987725493149,-0.617226733838746,-0.462823381466091,-1.8376261581127349,-0.0842934704541711,-1.410646916953135,1.9228249571550624,,,,,,,,,
201,201,0.54461576343933,0.4779987725493149,-0.617226733838746,-0.462823381466091,-1.8376261581127349,-0.0842934704541711,1.0353044161471612,1.7365194392836232,,,,,,,,,
202,202,0.54461576343933,0.4779987725493149,-0.617226733838746,-0.462823381466091,-1.8376261581127349,-0.0842934704541711,0.5689029494756657,0.4595053751656821,,,,,,,,,
203,203,0.54461576343933,0.4779987725493149,-0.617226733838746,-0.462823381466091,-1.8376261581127349,-0.0842934704541711,0.4026398515545515,-1.491373777975456,,,,,,,,,
204,204,0.54461576343933,0.4779987725493149,-0.617226733838746,-0.462823381466091,-1.8376261581127349,-0.0842934704541711,-1.0554090527054112,-0.2132701744838303,,,,,,,,,
205,205,0.54461576343933,0.4779987725493149,-0.617226733838746,-0.462823381466091,-1.8376261581127349,-0.0842934704541711,-0.9375973223633244,-0.332546001949999,,,,,,,,,
206,206,0.54461576343933,0.4779987725493149,-0.617226733838746,-0.462823381466091,-1.8376261581127349,-0.0842934704541711,1.287581673994436,-1.647198953002051,,,,,,,,,
207,207,0.54461576343933,0.4779987725493149,-0.617226733838746,-0.462823381466091,-1.8376261581127349,-0.0842934704541711,0.3525522313288238,-0.5452529975837617,,,,,,,,,
208,208,0.54461576343933,0.4779987725493149,-0.617226733838746,-0.462823381466091,-1.8376261581127349,-0.0842934704541711,-0.8129265032458484,1.2251539006342336,,,,,,,,,
209,209,0.54461576343933,0.4779987725493149,-0.617226733838746,-0.462823381466091,-1.8376261581127349,-0.0842934704541711,-0.8386221280717627,1.1271655072215938,,,,,,,,,
210,210,0.54461576343933,0.4779987725493149,-0.617226733838746,-0.462823381466091,-1.8376261581127349,-0.0842934704541711,-1.0863860661876168,-1.453950230611225,,,,,,,,,
211,211,0.54461576343933,0.4779987725493149,-0.617226733838746,-0.462823381466091,-1.8376261581127349,-0.0842934704541711,-0.0739240607961511,-0.4886397988627566,,,,,,,,,
212,212,0.54461576343933,0.4779987725493149,-0.617226733838746,-0.462823381466091,-1.8376261581127349,-0.0842934704541711,0.1759466991869804,1.2007138841703542,,,,,,,,,
213,213,0.54461576343933,0.4779987725493149,-0.617226733838746,-0.462823381466091,-1.8376261581127349,-0.0842934704541711,-1.6727117746976328,-1.0961842078477528,,,,,,,,,
214,214,0.54461576343933,0.4779987725493149,-0.617226733838746,-0.462823381466091,-1.8376261581127349,-0.0842934704541711,-1.37129379144929,0.0970432187864194,,,,,,,,,
215,215,0.54461576343933,0.4779987725493149,-0.617226733838746,-0.462823381466091,-1.8376261581127349,-0.0842934704541711,-0.0374227071689132,-1.8453611941865904,,,,,,,,,
216,216,0.54461576343933,0.4779987725493149,-0.617226733838746,-0.462823381466091,-1.8376261581127349,-0.0842934704541711,0.1102057189202838,0.6499108505652615,,,,,,,,,
217,217,0.54461576343933,0.4779987725493149,-0.617226733838746,-0.462823381466091,-1.8376261581127349,-0.0842934704541711,-0.050686277960976,1.3129128995159611,,,,,,,,,
218,218,0.54461576343933,0.4779987725493149,-0.617226733838746,-0.462823381466091,-1.8376261581127349,-0.0842934704541711,-1.4767410059796238,0.7052240577419626,,,,,,,,,
219,219,0.54461576343933,0.4779987725493149,-0.617226733838746,-0.462823381466091,-1.8376261581127349,-0.0842934704541711,-1.427384065782256,-0.7210249228026395,,,,,,,,,
220,220,0.54461576343933,0.4779987725493149,-0.617226733838746,-0.462823381466091,-1.8376261581127349,-0.0842934704541711,-0.3310149086097309,-0.3099406675956773,,,,,,,,,
221,221,0.54461576343933,0.4779987725493149,-0.617226733838746,-0.462823381466091,-1.8376261581127349,-0.0842934704541711,0.8681685855005288,-0.9996519677764002,,,,,,,,,
222,222,0.54461576343933,0.4779987725493149,-0.617226733838746,-0.462823381466091,-1.8376261581127349,-0.0842934704541711,1.1395126147215509,-1.0490980955135232,,,,,,,,,
223,223,0.54461576343933,0.4779987725493149,-0.617226733838746,-0.462823381466091,-1.8376261581127349,-0.0842934704541711,0.6271140497155678,0.9979346597555474,,,,,,,,,
224,224,0.54461576343933,0.4779987725493149,-0.617226733838746,-0.462823381466091,-1.8376261581127349,-0.0842934704541711,0.2727021987559919,0.0634022075636875,,,,,,,,,
225,225,0.54461576343933,0.4779987725493149,-0.617226733838746,-0.462823381466091,-1.8376261581127349,-0.0842934704541711,1.970252614305644,-0.1091726978214076,,,,,,,,,
226,226,0.54461576343933,0.4779987725493149,-0.617226733838746,-0.462823381466091,-1.8376261581127349,-0.0842934704541711,0.0450373885211314,2.0,,,,,,,,,
227,227,0.54461576343933,0.4779987725493149,-0.617226733838746,-0.462823381466091,-1.8376261581127349,-0.0842934704541711,-0.8780380991719727,1.0302809826392192,,,,,,,,,
228,228,0.54461576343933,0.4779987725493149,-0.617226733838746,-0.462823381466091,-1.8376261581127349,-0.0842934704541711,-1.168921436934097,0.0853114078050643,,,,,,,,,
229,229,0.54461576343933,0.4779987725493149,-0.617226733838746,-0.462823381466091,-1.8376261581127349,-0.0842934704541711,-1.1449092615702925,1.1441000390290088,,,,,,,,,
230,230,0.54461576343933,0.4779987725493149,-0.617226733838746,-0.462823381466091,-1.8376261581127349,-0.0842934704541711,-0.1966323063474475,-0.0716339507085583,,,,,,,,,
231,231,0.54461576343933,0.4779987725493149,-0.617226733838746,-0.462823381466091,-1.8376261581127349,-0.0842934704541711,0.1983395603964979,-1.623415225144449,,,,,,,,,
232,232,0.54461576343933,0.4779987725493149,-0.617226733838746,-0.462823381466091,-1.8376261581127349,-0.0842934704541711,1.7620315930407018,-0.3452072562938688,,,,,,,,,
233,233,0.54461576343933,0.4779987725493149,-0.617226733838746,-0.462823381466091,-1.8376261581127349,-0.0842934704541711,-0.6907814716114666,1.3762756977882993,,,,,,,,,
234,234,0.54461576343933,0.4779987725493149,-0.617226733838746,-0.462823381466091,-1.8376261581127349,-0.0842934704541711,-0.9615203035470312,-0.5329813416830016,,,,,,,,,
235,235,0.54461576343933,0.4779987725493149,-0.617226733838746,-0.462823381466091,-1.8376261581127349,-0.0842934704541711,0.4896670152212814,-1.1746589775702732,,,,,,,,,
236,236,0.54461576343933,0.4779987725493149,-0.617226733838746,-0.462823381466091,-1.8376261581127349,-0.0842934704541711,-1.1194353224306943,-0.098827040670639,,,,,,,,,
237,237,0.54461576343933,0.4779987725493149,-0.617226733838746,-0.462823381466091,-1.8376261581127349,-0.0842934704541711,-1.2710384720977943,-0.6485647666956675,,,,,,,,,
238,238,0.54461576343933,0.4779987725493149,-0.617226733838746,-0.462823381466091,-1.8376261581127349,-0.0842934704541711,-1.918087403473753,0.9326959282316696,,,,,,,,,
239,239,0.54461576343933,0.4779987725493149,-0.617226733838746,-0.462823381466091,-1.8376261581127349,-0.0842934704541711,-0.0311588222822885,1.021571801684411,,,,,,,,,
240,240,0.54461576343933,0.4779987725493149,-0.617226733838746,-0.462823381466091,-1.8376261581127349,-0.0842934704541711,-1.9665108162394067,-0.740895355815697,,,,,,,,,
241,241,0.54461576343933,0.4779987725493149,-0.617226733838746,-0.462823381466091,-1.8376261581127349,-0.0842934704541711,0.1606998978022868,1.880477895540897,,,,,,,,,
242,242,0.54461576343933,0.4779987725493149,-0.617226733838746,-0.462823381466091,-1.8376261581127349,-0.0842934704541711,0.1435216674983426,-0.7078334527477363,,,,,,,,,
243,243,0.54461576343933,0.4779987725493149,-0.617226733838746,-0.462823381466091,-1.8376261581127349,-0.0842934704541711,-1.6061764412836417,-1.2540717555547365,,,,,,,,,
244,244,0.54461576343933,0.4779987725493149,-0.617226733838746,-0.462823381466091,-1.8376261581127349,-0.0842934704541711,-0.3698898504101338,-1.5641526358615518,,,,,,,,,
245,245,0.54461576343933,0.4779987725493149,-0.617226733838746,-0.462823381466091,-1.8376261581127349,-0.0842934704541711,1.090622447282036,-0.8498100591700457,,,,,,,,,
246,246,0.54461576343933,0.4779987725493149,-0.617226733838746,-0.462823381466091,-1.8376261581127349,-0.0842934704541711,0.2212300132069735,1.8295239641199088,,,,,,,,,
247,247,0.54461576343933,0.4779987725493149,-0.617226733838746,-0.462823381466091,-1.8376261581127349,-0.0842934704541711,-0.3549045294430695,0.3731447858871859,,,,,,,,,
248,248,0.54461576343933,0.4779987725493149,-0.617226733838746,-0.462823381466091,-1.8376261581127349,-0.0842934704541711,-0.0122841389526069,-1.2177927422395154,,,,,,,,,
249,249,0.54461576343933,0.4779987725493149,-0.617226733838746,-0.462823381466091,-1.8376261581127349,-0.0842934704541711,-0.4203865359271019,-0.7476868077799217,,,,,,,,,
