,1,2,3,4,5
0,-0.5,-0.5,405.5367738,348.2,0.003
1,-0.5,-0.388888889,344538.7037,283.2,0.815
2,-0.5,-0.388888889,797.920422,322.8,0.006
3,-0.5,-0.388888889,930.8200151,348.2,0.003
4,-0.5,-0.277777778,1530.566939,283.2,0.0206
5,-0.5,-0.277777778,555226.0057,283.2,0.815
6,-0.5,-0.277777778,2475.726962,298.1,0.018
7,-0.5,-0.277777778,1939.422935,322.8,0.006
8,-0.5,-0.277777778,2018.223556,348.2,0.003
9,-0.5,-0.166666667,4537.561413,283.2,0.0206
10,-0.5,-0.166666667,284853.485,283.2,0.558
11,-0.5,-0.166666667,914213.3527,283.2,0.815
12,-0.5,-0.166666667,6704.454493,298.1,0.018
13,-0.5,-0.166666667,153034.4836,298.2,0.297
14,-0.5,-0.166666667,231142.6554,298.1,0.39
15,-0.5,-0.166666667,449735.4948,298.2,0.552
16,-0.5,-0.166666667,4649.294766,322.8,0.006
17,-0.5,-0.166666667,38060.19556,323.1,0.047
18,-0.5,-0.166666667,97314.72814,323.1,0.113000001
19,-0.5,-0.166666667,297486.1753,323.1,0.284999998
20,-0.5,-0.166666667,4342.34501,348.2,0.003
21,-0.5,-0.166666667,42877.50514,348.2,0.029
22,-0.5,-0.166666667,107112.3625,348.2,0.07
23,-0.5,-0.166666667,238885.7897,348.1,0.146
24,-0.5,-0.166666667,452327.4893,348.2,0.248
25,-0.5,-0.055555556,13402.35067,283.2,0.0206
26,-0.5,-0.055555556,73647.09363,283.2,0.106
27,-0.5,-0.055555556,219114.2494,283.2,0.271
28,-0.5,-0.055555556,416413.8028,283.2,0.428
29,-0.5,-0.055555556,659684.7526,283.2,0.558
30,-0.5,-0.055555556,907274.011,283.2,0.65
31,-0.5,-0.055555556,18146.36324,298.1,0.018
32,-0.5,-0.055555556,80167.85708,298.2,0.076
33,-0.5,-0.055555556,220198.8757,298.2,0.19
34,-0.5,-0.055555556,381942.8177,298.2,0.297
35,-0.5,-0.055555556,556170.9615,298.1,0.39
36,-0.5,-0.055555556,758442.6052,298.1,0.475
37,-0.5,-0.055555556,995076.8006,298.2,0.552
38,-0.5,-0.055555556,1292264.839,298.1,0.628
39,-0.5,-0.055555556,11128.04771,322.8,0.006
40,-0.5,-0.055555556,90330.8283,323.1,0.047
41,-0.5,-0.055555556,228269.6819,323.1,0.113
42,-0.5,-0.055555556,369652.3477,323.1,0.174
43,-0.5,-0.055555556,516637.4447,323.1,0.231
44,-0.5,-0.055555556,672228.7024,323.1,0.285
45,-0.5,-0.055555556,835656.4843,323.2,0.335
46,-0.5,-0.055555556,1006793.891,323.2,0.382
47,-0.5,-0.055555556,9331.567607,348.2,0.003
48,-0.5,-0.055555556,91866.75131,348.2,0.029
49,-0.5,-0.055555556,228488.8032,348.2,0.07
50,-0.5,-0.055555556,366668.0105,348.2,0.109
51,-0.5,-0.055555556,505248.3632,348.1,0.146
52,-0.5,-0.055555556,649683.7125,348.1,0.182
53,-0.5,-0.055555556,787935.8352,348.2,0.214
54,-0.5,-0.055555556,943418.7892,348.2,0.248
55,-0.5,0.055555556,39667.7953,283.2,0.0206
56,-0.5,0.055555556,215051.1304,283.2,0.106
57,-0.5,0.055555556,619104.7126,283.2,0.271
58,-0.5,0.055555556,1128420.077,283.2,0.428
59,-0.5,0.055555556,1714594.983,283.2,0.558
60,-0.5,0.055555556,49229.78329,298.1,0.018
61,-0.5,0.055555556,216240.0599,298.2,0.076
62,-0.5,0.055555556,587058.918,298.2,0.19
63,-0.5,0.055555556,1005727.534,298.2,0.297
64,-0.5,0.055555556,1449535.604,298.1,0.39
65,-0.5,0.055555556,1965358.684,298.1,0.475
67,-0.5,0.055555556,26651.71292,322.8,0.006
68,-0.5,0.055555556,216052.2619,323.1,0.047
69,-0.5,0.055555556,546251.2369,323.1,0.113
70,-0.5,0.055555556,885597.6252,323.1,0.174
71,-0.5,0.055555556,1240427.236,323.1,0.231
72,-0.5,0.055555556,1620160.573,323.1,0.285
73,-0.5,0.055555556,2026134.355,323.2,0.335
74,-0.5,0.055555556,2466477.395,323.2,0.382
75,-0.5,0.055555556,20057.40846,348.2,0.003
76,-0.5,0.055555556,197807.0469,348.2,0.029
77,-0.5,0.055555556,493602.4055,348.2,0.07
78,-0.5,0.055555556,795057.4446,348.2,0.109
79,-0.5,0.055555556,1100572.527,348.1,0.146
80,-0.5,0.055555556,1422269.616,348.1,0.182
81,-0.5,0.055555556,1733751.045,348.2,0.214
82,-0.5,0.055555556,2090811.887,348.2,0.248
83,-0.5,0.166666667,118313.5129,283.2,0.0206
84,-0.5,0.166666667,657672.9391,283.2,0.106
85,-0.5,0.166666667,134496.4872,298.1,0.018
86,-0.5,0.166666667,603102.1107,298.2,0.076
87,-0.5,0.166666667,1757511.291,298.2,0.19
88,-0.5,0.166666667,63974.92182,322.8,0.006
89,-0.5,0.166666667,527159.9764,323.1,0.047
90,-0.5,0.166666667,1385593.381,323.1,0.113
91,-0.5,0.166666667,2380307.392,323.1,0.174
92,-0.5,0.166666667,43155.75154,348.2,0.003
93,-0.5,0.166666667,430726.8291,348.2,0.029
94,-0.5,0.166666667,1099599.59,348.2,0.07
95,-0.5,0.166666667,1821613.117,348.2,0.109
96,-0.5,0.166666667,2615150.646,348.1,0.146
97,-0.5,0.277777778,361764.4491,283.2,0.0206
98,-0.5,0.277777778,154437.372,322.8,0.006
99,-0.5,0.277777778,93072.78647,348.2,0.003
100,-0.388888889,-0.5,274.2645445,322.8,0.006
101,-0.388888889,-0.5,405.4249369,348.2,0.003
102,-0.388888889,-0.388888889,797.4789371,322.8,0.006
103,-0.388888889,-0.388888889,930.5920545,348.2,0.003
104,-0.388888889,-0.277777778,1527.099872,283.2,0.0206
105,-0.388888889,-0.277777778,477669.4238,283.2,0.815
106,-0.388888889,-0.277777778,2471.19937,298.1,0.018
107,-0.388888889,-0.277777778,1938.370104,322.8,0.006
108,-0.388888889,-0.277777778,2017.731782,348.2,0.003
109,-0.388888889,-0.277777778,20009.27007,348.2,0.029
110,-0.388888889,-0.166666667,4527.287199,283.2,0.0206
111,-0.388888889,-0.166666667,778077.8436,283.2,0.815
112,-0.388888889,-0.166666667,6692.115721,298.1,0.018
113,-0.388888889,-0.166666667,83317.77781,298.2,0.19
114,-0.388888889,-0.166666667,412887.9796,298.2,0.552
115,-0.388888889,-0.166666667,4646.755757,322.8,0.006
116,-0.388888889,-0.166666667,37893.3948,323.1,0.047
117,-0.388888889,-0.166666667,96243.74782,323.1,0.113000001
118,-0.388888889,-0.166666667,4341.278499,348.2,0.003
119,-0.388888889,-0.166666667,42773.96631,348.2,0.029
120,-0.388888889,-0.166666667,106470.0341,348.2,0.07
121,-0.388888889,-0.166666667,235728.1142,348.1,0.146
122,-0.388888889,-0.166666667,368321.5894,348.2,0.214
123,-0.388888889,-0.055555556,13371.75099,283.2,0.0206
124,-0.388888889,-0.055555556,72731.03164,283.2,0.106
125,-0.388888889,-0.055555556,211262.7646,283.2,0.271
126,-0.388888889,-0.055555556,389676.4581,283.2,0.428
127,-0.388888889,-0.055555556,597726.6405,283.2,0.558
128,-0.388888889,-0.055555556,799053.7502,283.2,0.65
129,-0.388888889,-0.055555556,1316431.972,283.2,0.815
130,-0.388888889,-0.055555556,18112.647,298.1,0.018
131,-0.388888889,-0.055555556,79513.15363,298.2,0.076
132,-0.388888889,-0.055555556,215305.9825,298.2,0.19
133,-0.388888889,-0.055555556,367483.6109,298.2,0.297
134,-0.388888889,-0.055555556,526177.1029,298.1,0.39
135,-0.388888889,-0.055555556,704458.4293,298.1,0.475
136,-0.388888889,-0.055555556,906006.645,298.2,0.552
137,-0.388888889,-0.055555556,1148881.432,298.1,0.628
138,-0.388888889,-0.055555556,11121.91295,322.8,0.006
139,-0.388888889,-0.055555556,89928.91619,323.1,0.047
140,-0.388888889,-0.055555556,225696.4645,323.1,0.113
141,-0.388888889,-0.055555556,362900.2066,323.1,0.174
142,-0.388888889,-0.055555556,503463.6836,323.1,0.231
143,-0.388888889,-0.055555556,649990.9471,323.1,0.285
144,-0.388888889,-0.055555556,801533.2343,323.2,0.335
145,-0.388888889,-0.055555556,957556.3113,323.2,0.382
146,-0.388888889,-0.055555556,9329.252039,348.2,0.003
147,-0.388888889,-0.055555556,91641.60151,348.2,0.029
148,-0.388888889,-0.055555556,227088.7844,348.2,0.07
149,-0.388888889,-0.055555556,363046.2418,348.2,0.109
150,-0.388888889,-0.055555556,498329.3927,348.1,0.146
151,-0.388888889,-0.055555556,638204.2407,348.1,0.182
152,-0.388888889,-0.055555556,771041.8012,348.2,0.214
153,-0.388888889,-0.055555556,919138.1913,348.2,0.248
154,-0.388888889,0.055555556,39576.17159,283.2,0.0206
155,-0.388888889,0.055555556,212295.7583,283.2,0.106
156,-0.388888889,0.055555556,595226.8427,283.2,0.271
157,-0.388888889,0.055555556,1045399.882,283.2,0.428
158,-0.388888889,0.055555556,1512584.595,283.2,0.558
159,-0.388888889,0.055555556,49137.17416,298.1,0.018
160,-0.388888889,0.055555556,214426.317,298.2,0.076
161,-0.388888889,0.055555556,573199.9228,298.2,0.19
162,-0.388888889,0.055555556,963518.3259,298.2,0.297
163,-0.388888889,0.055555556,1358209.595,298.1,0.39
164,-0.388888889,0.055555556,1789079.298,298.1,0.475
165,-0.388888889,0.055555556,2270594.876,298.2,0.552
166,-0.388888889,0.055555556,26636.86055,322.8,0.006
167,-0.388888889,0.055555556,215068.5869,323.1,0.047
168,-0.388888889,0.055555556,539807.3897,323.1,0.113
169,-0.388888889,0.055555556,868241.4264,323.1,0.174
170,-0.388888889,0.055555556,1205503.699,323.1,0.231
171,-0.388888889,0.055555556,1558918.318,323.1,0.285
172,-0.388888889,0.055555556,1927559.449,323.2,0.335
173,-0.388888889,0.055555556,2314778.412,323.2,0.382
174,-0.388888889,0.055555556,20052.37579,348.2,0.003
175,-0.388888889,0.055555556,197312.5726,348.2,0.029
176,-0.388888889,0.055555556,490471.0895,348.2,0.07
177,-0.388888889,0.055555556,786794.0942,348.2,0.109
178,-0.388888889,0.055555556,1084432.719,348.1,0.146
179,-0.388888889,0.055555556,1394818.524,348.1,0.182
180,-0.388888889,0.055555556,1692299.148,348.2,0.214
181,-0.388888889,0.055555556,2029232.751,348.2,0.248
182,-0.388888889,0.166666667,118034.8487,283.2,0.0206
183,-0.388888889,0.166666667,648527.0937,283.2,0.106
184,-0.388888889,0.166666667,134238.497,298.1,0.018
185,-0.388888889,0.166666667,597711.556,298.2,0.076
186,-0.388888889,0.166666667,1705692.681,298.2,0.19
187,-0.388888889,0.166666667,63938.79946,322.8,0.006
188,-0.388888889,0.166666667,524651.208,323.1,0.047
189,-0.388888889,0.166666667,1367233.468,323.1,0.113
190,-0.388888889,0.166666667,2321184.566,323.1,0.174
191,-0.388888889,0.166666667,43144.79071,348.2,0.003
192,-0.388888889,0.166666667,429615.8111,348.2,0.029
193,-0.388888889,0.166666667,1092124.116,348.2,0.07
194,-0.388888889,0.166666667,1800294.524,348.2,0.109
195,-0.388888889,0.166666667,2568889.057,348.1,0.146
196,-0.388888889,0.277777778,360872.237,283.2,0.0206
197,-0.388888889,0.277777778,374315.835,298.1,0.018
198,-0.388888889,0.277777778,154348.5185,322.8,0.006
199,-0.388888889,0.277777778,93048.80407,348.2,0.003
200,-0.388888889,0.277777778,960987.7583,348.2,0.029
201,-0.277777778,-0.5,274.0314362,322.8,0.006
202,-0.277777778,-0.5,405.3131264,348.2,0.003
203,-0.277777778,-0.388888889,797.0376805,322.8,0.006
204,-0.277777778,-0.388888889,930.3641473,348.2,0.003
205,-0.277777778,-0.277777778,1523.640482,283.2,0.0206
206,-0.277777778,-0.277777778,412010.5803,283.2,0.815
207,-0.277777778,-0.277777778,2466.679961,298.1,0.018
208,-0.277777778,-0.277777778,1937.317835,322.8,0.006
209,-0.277777778,-0.277777778,2017.240125,348.2,0.003
210,-0.277777778,-0.277777778,19961.55732,348.2,0.029
211,-0.277777778,-0.166666667,4517.036025,283.2,0.0206
212,-0.277777778,-0.166666667,336236.7369,283.2,0.65
213,-0.277777778,-0.166666667,665256.1288,283.2,0.815
214,-0.277777778,-0.166666667,6679.799425,298.1,0.018
215,-0.277777778,-0.166666667,498950.4987,298.1,0.628
216,-0.277777778,-0.166666667,4644.218112,322.8,0.006
217,-0.277777778,-0.166666667,37727.31832,323.1,0.047
218,-0.277777778,-0.166666667,95184.54175,323.1,0.113000001
219,-0.277777778,-0.166666667,4340.212244,348.2,0.003
220,-0.277777778,-0.166666667,42670.67383,348.2,0.029
221,-0.277777778,-0.166666667,105831.5285,348.2,0.07
222,-0.277777778,-0.166666667,169353.8957,348.2,0.109000001
223,-0.277777778,-0.166666667,232612.4608,348.1,0.146
224,-0.277777778,-0.055555556,13341.22049,283.2,0.0206
225,-0.277777778,-0.055555556,71826.37688,283.2,0.106
226,-0.277777778,-0.055555556,203699.9831,283.2,0.271
227,-0.277777778,-0.055555556,364757.7584,283.2,0.428
228,-0.277777778,-0.055555556,542169.5716,283.2,0.558
229,-0.277777778,-0.055555556,705583.0628,283.2,0.65
230,-0.277777778,-0.055555556,1104776.066,283.2,0.815
231,-0.277777778,-0.055555556,18078.99216,298.1,0.018
232,-0.277777778,-0.055555556,78863.78641,298.2,0.076
233,-0.277777778,-0.055555556,210523.8933,298.2,0.19
234,-0.277777778,-0.055555556,353595.6754,298.2,0.297
235,-0.277777778,-0.055555556,497914.5444,298.1,0.39
236,-0.277777778,-0.055555556,654707.7551,298.1,0.475
237,-0.277777778,-0.055555556,826022.6858,298.2,0.552
238,-0.277777778,-0.055555556,1024437.67,298.1,0.628
239,-0.277777778,-0.055555556,11115.78151,322.8,0.006
240,-0.277777778,-0.055555556,89528.77863,323.1,0.047
241,-0.277777778,-0.055555556,223152.5173,323.1,0.113
242,-0.277777778,-0.055555556,356274.6738,323.1,0.174
243,-0.277777778,-0.055555556,490640.9758,323.1,0.231
244,-0.277777778,-0.055555556,628536.7201,323.1,0.285
245,-0.277777778,-0.055555556,768924.0068,323.2,0.335
246,-0.277777778,-0.055555556,910991.1193,323.2,0.382
247,-0.277777778,-0.055555556,9326.937031,348.2,0.003
248,-0.277777778,-0.055555556,91416.99487,348.2,0.029
249,-0.277777778,-0.055555556,225697.3301,348.2,0.07
250,-0.277777778,-0.055555556,359460.6858,348.2,0.109
251,-0.277777778,-0.055555556,491507.6864,348.1,0.146
252,-0.277777778,-0.055555556,626936.0562,348.1,0.182
253,-0.277777778,-0.055555556,754530.4145,348.2,0.214
254,-0.277777778,-0.055555556,895528.3703,348.2,0.248
255,-0.277777778,0.055555556,39484.75777,283.2,0.0206
256,-0.277777778,0.055555556,209576.4111,283.2,0.106
257,-0.277777778,0.055555556,572355.9762,283.2,0.271
258,-0.277777778,0.055555556,969729.887,283.2,0.428
259,-0.277777778,0.055555556,1343167.707,283.2,0.558
260,-0.277777778,0.055555556,49044.73744,298.1,0.018
261,-0.277777778,0.055555556,212627.9922,298.2,0.076
262,-0.277777778,0.055555556,559691.4658,298.2,0.19
263,-0.277777778,0.055555556,923341.2428,298.2,0.297
264,-0.277777778,0.055555556,1274042.796,298.1,0.39
265,-0.277777778,0.055555556,1634783.207,298.1,0.475
266,-0.277777778,0.055555556,2005318.438,298.2,0.552
267,-0.277777778,0.055555556,2402897.101,298.1,0.628
268,-0.277777778,0.055555556,26622.01629,322.8,0.006
269,-0.277777778,0.055555556,214089.4013,323.1,0.047
270,-0.277777778,0.055555556,533442.8301,323.1,0.113
271,-0.277777778,0.055555556,851255.7442,323.1,0.174
272,-0.277777778,0.055555556,1171704.466,323.1,0.231
273,-0.277777778,0.055555556,1500476.741,323.1,0.285
274,-0.277777778,0.055555556,1835185.534,323.2,0.335
275,-0.277777778,0.055555556,2176180.901,323.2,0.382
276,-0.277777778,0.055555556,20047.34435,348.2,0.003
277,-0.277777778,0.055555556,196819.3185,348.2,0.029
278,-0.277777778,0.055555556,487360.0145,348.2,0.07
279,-0.277777778,0.055555556,778620.9818,348.2,0.109
280,-0.277777778,0.055555556,1068549.821,348.1,0.146
281,-0.277777778,0.055555556,1367963.477,348.1,0.182
282,-0.277777778,0.055555556,1652003.326,348.2,0.214
283,-0.277777778,0.055555556,1969864.839,348.2,0.248
284,-0.277777778,0.166666667,117756.8416,283.2,0.0206
285,-0.277777778,0.166666667,639521.4261,283.2,0.106
286,-0.277777778,0.166666667,1895427.995,283.2,0.271
287,-0.277777778,0.166666667,133981.0008,298.1,0.018
288,-0.277777778,0.166666667,592372.639,298.2,0.076
289,-0.277777778,0.166666667,1655975.181,298.2,0.19
290,-0.277777778,0.166666667,63902.69711,322.8,0.006
291,-0.277777778,0.166666667,522154.8088,323.1,0.047
292,-0.277777778,0.166666667,1349158.118,323.1,0.113
293,-0.277777778,0.166666667,2264148.233,323.1,0.174
294,-0.277777778,0.166666667,43133.83258,348.2,0.003
295,-0.277777778,0.166666667,428507.681,348.2,0.029
296,-0.277777778,0.166666667,1084703.576,348.2,0.07
297,-0.277777778,0.166666667,1779270.05,348.2,0.109
298,-0.277777778,0.166666667,2523709,348.1,0.146
299,-0.277777778,0.277777778,359982.3146,283.2,0.0206
300,-0.277777778,0.277777778,373567.6639,298.1,0.018
301,-0.277777778,0.277777778,154259.7154,322.8,0.006
302,-0.277777778,0.277777778,93024.82768,348.2,0.003
303,-0.166666667,-0.5,273.7985496,322.8,0.006
304,-0.166666667,-0.5,405.2013374,348.2,0.003
305,-0.166666667,-0.388888889,796.5966523,322.8,0.006
306,-0.166666667,-0.388888889,930.1362923,348.2,0.003
307,-0.166666667,-0.277777778,1520.188753,283.2,0.0206
308,-0.166666667,-0.277777778,2462.168719,298.1,0.018
309,-0.166666667,-0.277777778,1936.266126,322.8,0.006
310,-0.166666667,-0.277777778,2016.748585,348.2,0.003
311,-0.166666667,-0.166666667,4506.807868,283.2,0.0206
312,-0.166666667,-0.166666667,570958.4617,283.2,0.815
313,-0.166666667,-0.166666667,6667.505565,298.1,0.018
314,-0.166666667,-0.166666667,4641.681834,322.8,0.006
315,-0.166666667,-0.166666667,37561.96299,323.1,0.047
316,-0.166666667,-0.166666667,94136.97984,323.1,0.113000001
317,-0.166666667,-0.166666667,4339.146245,348.2,0.003
318,-0.166666667,-0.166666667,42567.62716,348.2,0.029
319,-0.166666667,-0.166666667,105196.8231,348.2,0.07
320,-0.166666667,-0.166666667,229538.2579,348.1,0.146
321,-0.166666667,-0.055555556,13310.75911,283.2,0.0206
322,-0.166666667,-0.055555556,70932.98577,283.2,0.106
323,-0.166666667,-0.055555556,196414.7228,283.2,0.271
324,-0.166666667,-0.055555556,341520.8593,283.2,0.428
325,-0.166666667,-0.055555556,492242.8261,283.2,0.558
326,-0.166666667,-0.055555556,624407.6648,283.2,0.65
327,-0.166666667,-0.055555556,934829.5947,283.2,0.815
328,-0.166666667,-0.055555556,18045.39881,298.1,0.018
329,-0.166666667,-0.055555556,78219.71157,298.2,0.076
330,-0.166666667,-0.055555556,205849.9866,298.2,0.19
331,-0.166666667,-0.055555556,340254.4987,298.2,0.297
332,-0.166666667,-0.055555556,471270.4955,298.1,0.39
333,-0.166666667,-0.055555556,608800.2351,298.1,0.475
334,-0.166666667,-0.055555556,753986.6129,298.2,0.552
335,-0.166666667,-0.055555556,915705.0197,298.1,0.628
336,-0.166666667,-0.055555556,11109.6534,322.8,0.006
337,-0.166666667,-0.055555556,89130.40779,323.1,0.047
338,-0.166666667,-0.055555556,220637.4964,323.1,0.113
339,-0.166666667,-0.055555556,349773.2249,323.1,0.174
340,-0.166666667,-0.055555556,478159.0759,323.1,0.231
341,-0.166666667,-0.055555556,607834.8676,323.1,0.285
342,-0.166666667,-0.055555556,737750.6903,323.2,0.335
343,-0.166666667,-0.055555556,866924.5117,323.2,0.382
344,-0.166666667,-0.055555556,9324.622586,348.2,0.003
345,-0.166666667,-0.055555556,91192.93023,348.2,0.029
346,-0.166666667,-0.055555556,224314.3868,348.2,0.07
347,-0.166666667,-0.055555556,355910.9646,348.2,0.109
348,-0.166666667,-0.055555556,484781.7811,348.1,0.146
349,-0.166666667,-0.055555556,615874.8949,348.1,0.182
350,-0.166666667,-0.055555556,738391.9551,348.2,0.214
351,-0.166666667,-0.055555556,872568.0234,348.2,0.248
352,-0.166666667,0.055555556,39393.55335,283.2,0.0206
353,-0.166666667,0.055555556,206892.5925,283.2,0.106
354,-0.166666667,0.055555556,550441.9166,283.2,0.271
355,-0.166666667,0.055555556,900535.404,283.2,0.428
356,-0.166666667,0.055555556,1198372.501,283.2,0.558
357,-0.166666667,0.055555556,48952.47283,298.1,0.018
358,-0.166666667,0.055555556,210844.9488,298.2,0.076
359,-0.166666667,0.055555556,546523.36,298.2,0.19
360,-0.166666667,0.055555556,885071.7696,298.2,0.297
361,-0.166666667,0.055555556,1196244.878,298.1,0.39
362,-0.166666667,0.055555556,1498180.746,298.1,0.475
363,-0.166666667,0.055555556,1786107.178,298.2,0.552
364,-0.166666667,0.055555556,26607.18014,322.8,0.006
365,-0.166666667,0.055555556,213114.684,323.1,0.047
366,-0.166666667,0.055555556,527156.4799,323.1,0.113
367,-0.166666667,0.055555556,834631.1936,323.1,0.174
368,-0.166666667,0.055555556,1138983.393,323.1,0.231
369,-0.166666667,0.055555556,1444659.962,323.1,0.285
370,-0.166666667,0.055555556,1748434.549,323.2,0.335
371,-0.166666667,0.055555556,2048870.583,323.2,0.382
372,-0.166666667,0.055555556,20042.31414,348.2,0.003
373,-0.166666667,0.055555556,196327.2841,348.2,0.029
374,-0.166666667,0.055555556,484269.0406,348.2,0.07
375,-0.166666667,0.055555556,770536.9974,348.2,0.109
376,-0.166666667,0.055555556,1052918.98,348.1,0.146
377,-0.166666667,0.055555556,1341688.277,348.1,0.182
378,-0.166666667,0.055555556,1612821.147,348.2,0.214
379,-0.166666667,0.055555556,1912597.671,348.2,0.248
380,-0.166666667,0.166666667,117479.4901,283.2,0.0206
381,-0.166666667,0.166666667,630653.3332,283.2,0.106
382,-0.166666667,0.166666667,1795166.58,283.2,0.271
383,-0.166666667,0.166666667,133723.9976,298.1,0.018
384,-0.166666667,0.166666667,587084.7858,298.2,0.076
385,-0.166666667,0.166666667,1608219.781,298.2,0.19
386,-0.166666667,0.166666667,63866.61476,322.8,0.006
387,-0.166666667,0.166666667,519670.714,323.1,0.047
388,-0.166666667,0.166666667,1331361.448,323.1,0.113
389,-0.166666667,0.166666667,2209074.317,323.1,0.174
390,-0.166666667,0.166666667,43122.87716,348.2,0.003
391,-0.166666667,0.166666667,427402.4307,348.2,0.029
392,-0.166666667,0.166666667,1077337.491,348.2,0.07
393,-0.166666667,0.166666667,1758534.207,348.2,0.109
394,-0.166666667,0.166666667,2479571.223,348.1,0.146
395,-0.166666667,0.277777778,359094.6753,283.2,0.0206
396,-0.166666667,0.277777778,372821.0345,298.1,0.018
397,-0.166666667,0.277777778,154170.9628,322.8,0.006
398,-0.166666667,0.277777778,93000.85728,348.2,0.003
399,-0.166666667,0.277777778,955726.1019,348.2,0.029
400,-0.055555556,-0.5,273.5652933,322.8,0.006
401,-0.055555556,-0.5,405.0895718,348.2,0.003
402,-0.055555556,-0.388888889,796.1558539,322.8,0.006
403,-0.055555556,-0.388888889,929.9084888,348.2,0.003
404,-0.055555556,-0.277777778,1516.744668,283.2,0.0206
405,-0.055555556,-0.277777778,2457.665636,298.1,0.018
406,-0.055555556,-0.277777778,1935.21498,322.8,0.006
407,-0.055555556,-0.277777778,2016.257164,348.2,0.003
408,-0.055555556,-0.166666667,4496.602634,283.2,0.0206
409,-0.055555556,-0.166666667,491632.9732,283.2,0.815000041
410,-0.055555556,-0.166666667,6655.234101,298.1,0.018
411,-0.055555556,-0.166666667,187499.7251,298.1,0.39
412,-0.055555556,-0.166666667,4639.14692,322.8,0.006
413,-0.055555556,-0.166666667,37397.32572,323.1,0.047
414,-0.055555556,-0.166666667,93100.933,323.1,0.113
415,-0.055555556,-0.166666667,4338.080504,348.2,0.003
416,-0.055555556,-0.166666667,42464.82571,348.2,0.029
417,-0.055555556,-0.166666667,104565.8952,348.2,0.07
418,-0.055555556,-0.166666667,166117.5088,348.2,0.109000001
419,-0.055555556,-0.166666667,226504.9421,348.1,0.146
420,-0.055555556,-0.055555556,13280.36658,283.2,0.0206
421,-0.055555556,-0.055555556,70050.71663,283.2,0.106
422,-0.055555556,-0.055555556,189396.2809,283.2,0.271
423,-0.055555556,-0.055555556,319841.0798,283.2,0.428
424,-0.055555556,-0.055555556,447291.3606,283.2,0.558
425,-0.055555556,-0.055555556,553600.558,283.2,0.65
426,-0.055555556,-0.055555556,795957.3263,283.2,0.815
427,-0.055555556,-0.055555556,18011.867,298.1,0.018
428,-0.055555556,-0.055555556,77580.88568,298.2,0.076
429,-0.055555556,-0.055555556,201281.7086,298.2,0.19
430,-0.055555556,-0.055555556,327436.7878,298.2,0.297
431,-0.055555556,-0.055555556,446141.0956,298.1,0.39
432,-0.055555556,-0.055555556,566391.1007,298.1,0.475
433,-0.055555556,-0.055555556,688947.0746,298.2,0.552
434,-0.055555556,-0.055555556,820196.9948,298.1,0.628
435,-0.055555556,-0.055555556,11103.5286,322.8,0.006
436,-0.055555556,-0.055555556,88733.79584,323.1,0.047
437,-0.055555556,-0.055555556,218151.0626,323.1,0.113
438,-0.055555556,-0.055555556,343393.3923,323.1,0.174
439,-0.055555556,-0.055555556,466008.0912,323.1,0.231
440,-0.055555556,-0.055555556,587855.7517,323.1,0.285
441,-0.055555556,-0.055555556,707940.266,323.2,0.335
442,-0.055555556,-0.055555556,825197.375,323.2,0.382
443,-0.055555556,-0.055555556,9322.3087,348.2,0.003
444,-0.055555556,-0.055555556,90969.40639,348.2,0.029
445,-0.055555556,-0.055555556,222939.9016,348.2,0.07
446,-0.055555556,-0.055555556,352396.704,348.2,0.109
447,-0.055555556,-0.055555556,478150.2391,348.1,0.146
448,-0.055555556,-0.055555556,605016.5951,348.1,0.182
449,-0.055555556,-0.055555556,722617.0049,348.2,0.214
450,-0.055555556,-0.055555556,850236.6959,348.2,0.248
451,-0.055555556,0.055555556,39302.55786,283.2,0.0206
452,-0.055555556,0.055555556,204243.8141,283.2,0.106
453,-0.055555556,0.055555556,529437.6895,283.2,0.271
454,-0.055555556,0.055555556,837089.1427,283.2,0.428
455,-0.055555556,0.055555556,1073046.125,283.2,0.558
456,-0.055555556,0.055555556,48860.37998,298.1,0.018
457,-0.055555556,0.055555556,209077.0513,298.2,0.076
458,-0.055555556,0.055555556,533685.7894,298.2,0.19
459,-0.055555556,0.055555556,848595.9155,298.2,0.297
460,-0.055555556,0.055555556,1124153.135,298.1,0.39
461,-0.055555556,0.055555556,1376232.079,298.1,0.475
462,-0.055555556,0.055555556,1600015.276,298.2,0.552
463,-0.055555556,0.055555556,26592.35211,322.8,0.006
464,-0.055555556,0.055555556,212144.4141,323.1,0.047
465,-0.055555556,0.055555556,520947.2786,323.1,0.113
466,-0.055555556,0.055555556,818358.7002,323.1,0.174
467,-0.055555556,0.055555556,1107296.966,323.1,0.231
468,-0.055555556,0.055555556,1391308.207,323.1,0.285
469,-0.055555556,0.055555556,1666809.732,323.2,0.335
470,-0.055555556,0.055555556,1931419.084,323.2,0.382
471,-0.055555556,0.055555556,20037.28516,348.2,0.003
472,-0.055555556,0.055555556,195836.4666,348.2,0.029
473,-0.055555556,0.055555556,481198.0292,348.2,0.07
474,-0.055555556,0.055555556,762541.0477,348.2,0.109
475,-0.055555556,0.055555556,1037535.46,348.1,0.146
476,-0.055555556,0.055555556,1315977.318,348.1,0.182
477,-0.055555556,0.055555556,1574712.387,348.2,0.214
478,-0.055555556,0.055555556,1857328.875,348.2,0.248
479,-0.055555556,0.166666667,117202.7926,283.2,0.0206
480,-0.055555556,0.166666667,621920.2763,283.2,0.106
481,-0.055555556,0.166666667,1703382.549,283.2,0.271
482,-0.055555556,0.166666667,133467.4866,298.1,0.018
483,-0.055555556,0.166666667,581847.4304,298.2,0.076
484,-0.055555556,0.166666667,1562302.407,298.2,0.19
485,-0.055555556,0.166666667,63830.5524,322.8,0.006
486,-0.055555556,0.166666667,517198.858,323.1,0.047
487,-0.055555556,0.166666667,1313837.75,323.1,0.113
488,-0.055555556,0.166666667,2155850.806,323.1,0.174
489,-0.055555556,0.166666667,43111.92443,348.2,0.003
490,-0.055555556,0.166666667,426300.0523,348.2,0.029
491,-0.055555556,0.166666667,1070025.383,348.2,0.07
492,-0.055555556,0.166666667,1738081.659,348.2,0.109
493,-0.055555556,0.166666667,2436438.708,348.1,0.146
494,-0.055555556,0.166666667,3208990.748,348.1,0.182
495,-0.055555556,0.277777778,358209.3126,283.2,0.0206
496,-0.055555556,0.277777778,372075.9434,298.1,0.018
497,-0.055555556,0.277777778,154082.2606,322.8,0.006
498,-0.055555556,0.277777778,92976.89288,348.2,0.003
499,-0.055555556,0.277777778,953106.7389,348.2,0.029
500,0.055555556,-0.5,273.3322539,322.8,0.006
501,0.055555556,-0.5,404.9778268,348.2,0.003
502,0.055555556,-0.388888889,795.7152823,322.8,0.006
503,0.055555556,-0.388888889,929.6807403,348.2,0.003
504,0.055555556,-0.277777778,1513.308196,283.2,0.0206
505,0.055555556,-0.277777778,2453.170686,298.1,0.018
506,0.055555556,-0.277777778,1934.164394,322.8,0.006
507,0.055555556,-0.277777778,15740.72731,323.1,0.047
508,0.055555556,-0.277777778,2015.76586,348.2,0.003
509,0.055555556,-0.166666667,4486.420294,283.2,0.0206
510,0.055555556,-0.166666667,424565.3384,283.2,0.815
511,0.055555556,-0.166666667,6642.985036,298.1,0.018
512,0.055555556,-0.166666667,4636.61337,322.8,0.006
513,0.055555556,-0.166666667,37233.40342,323.1,0.047
514,0.055555556,-0.166666667,92076.27549,323.1,0.113000001
515,0.055555556,-0.166666667,4337.015019,348.2,0.003
516,0.055555556,-0.166666667,42362.26907,348.2,0.029
517,0.055555556,-0.166666667,103938.7224,348.2,0.07
518,0.055555556,-0.166666667,223511.9584,348.1,0.146
519,0.055555556,-0.055555556,13250.04275,283.2,0.0206
520,0.055555556,-0.055555556,69179.42957,283.2,0.106
521,0.055555556,-0.055555556,182634.4097,283.2,0.271
522,0.055555556,-0.055555556,681102.2274,283.2,0.815
523,0.055555556,-0.055555556,17978.39673,298.1,0.018
524,0.055555556,-0.055555556,76947.26563,298.2,0.076
525,0.055555556,-0.055555556,196816.5718,298.2,0.19
526,0.055555556,-0.055555556,315120.3947,298.2,0.297
527,0.055555556,-0.055555556,11097.40713,322.8,0.006
528,0.055555556,-0.055555556,88338.93501,323.1,0.047
529,0.055555556,-0.055555556,215692.8807,323.1,0.113
530,0.055555556,-0.055555556,337132.7642,323.1,0.174
531,0.055555556,-0.055555556,454178.4662,323.1,0.231
532,0.055555556,-0.055555556,568571.1546,323.1,0.285
533,0.055555556,-0.055555556,679424.3731,323.2,0.335
534,0.055555556,-0.055555556,785663.6528,323.2,0.382
535,0.055555556,-0.055555556,9319.995376,348.2,0.003
536,0.055555556,-0.055555556,90746.42211,348.2,0.029
537,0.055555556,-0.055555556,221573.8217,348.2,0.07
538,0.055555556,-0.055555556,348917.5348,348.2,0.109
539,0.055555556,-0.055555556,471611.6472,348.1,0.146
540,0.055555556,-0.055555556,594357.0938,348.1,0.182
541,0.055555556,-0.055555556,707196.4343,348.2,0.214
542,0.055555556,-0.055555556,828514.7384,348.2,0.248
543,0.055555556,0.055555556,39211.77081,283.2,0.0206
544,0.055555556,0.055555556,201629.5947,283.2,0.106
545,0.055555556,0.055555556,509299.2677,283.2,0.271
546,0.055555556,0.055555556,778777.6962,283.2,0.428
547,0.055555556,0.055555556,963577.8509,283.2,0.558
548,0.055555556,0.055555556,1058963.923,283.2,0.65
549,0.055555556,0.055555556,48768.4586,298.1,0.018
550,0.055555556,0.055555556,207324.1657,298.2,0.076
551,0.055555556,0.055555556,521169.2915,298.2,0.19
552,0.055555556,0.055555556,813808.9985,298.2,0.297
553,0.055555556,0.055555556,1057204.392,298.1,0.39
554,0.055555556,0.055555556,1266669.13,298.1,0.475
555,0.055555556,0.055555556,1439390.836,298.2,0.552
556,0.055555556,0.055555556,1573118.098,298.1,0.628
557,0.055555556,0.055555556,26577.53217,322.8,0.006
558,0.055555556,0.055555556,211178.5707,323.1,0.047
559,0.055555556,0.055555556,514814.183,323.1,0.113
560,0.055555556,0.055555556,802429.4846,323.1,0.174
561,0.055555556,0.055555556,1076604.092,323.1,0.231
562,0.055555556,0.055555556,1340275.75,323.1,0.285
563,0.055555556,0.055555556,1589879.892,323.2,0.335
564,0.055555556,0.055555556,1822673.296,323.2,0.382
565,0.055555556,0.055555556,20032.25741,348.2,0.003
566,0.055555556,0.055555556,195346.8634,348.2,0.029
567,0.055555556,0.055555556,478146.8427,348.2,0.07
568,0.055555556,0.055555556,754632.056,348.2,0.109
569,0.055555556,0.055555556,1022394.644,348.1,0.146
570,0.055555556,0.055555556,1290815.573,348.1,0.182
571,0.055555556,0.055555556,1537638.879,348.2,0.214
572,0.055555556,0.055555556,1803963.358,348.2,0.248
573,0.055555556,0.166666667,116926.7476,283.2,0.0206
574,0.055555556,0.166666667,613319.7789,283.2,0.106
575,0.055555556,0.166666667,1618735.754,283.2,0.271
576,0.055555556,0.166666667,133211.4667,298.1,0.018
577,0.055555556,0.166666667,576660.0152,298.2,0.076
578,0.055555556,0.166666667,1518111.613,298.2,0.19
579,0.055555556,0.166666667,63794.51002,322.8,0.006
580,0.055555556,0.166666667,514739.1729,323.1,0.047
581,0.055555556,0.166666667,1296581.486,323.1,0.113
582,0.055555556,0.166666667,2104376.075,323.1,0.174
583,0.055555556,0.166666667,43100.97441,348.2,0.003
584,0.055555556,0.166666667,425200.5381,348.2,0.029
585,0.055555556,0.166666667,1062766.783,348.2,0.07
586,0.055555556,0.166666667,1717907.211,348.2,0.109
587,0.055555556,0.166666667,2394276.496,348.1,0.146
588,0.055555556,0.166666667,3130025.678,348.1,0.182
589,0.055555556,0.277777778,357326.2202,283.2,0.0206
590,0.055555556,0.277777778,371332.3871,298.1,0.018
591,0.055555556,0.277777778,153993.6089,322.8,0.006
592,0.055555556,0.277777778,92952.93448,348.2,0.003
593,0.055555556,0.277777778,950494.9871,348.2,0.029
594,0.166666667,-0.5,404.8661027,348.2,0.003
595,0.166666667,-0.388888889,892.645363,298.1,0.018
596,0.166666667,-0.388888889,795.27494,322.8,0.006
597,0.166666667,-0.388888889,929.4530469,348.2,0.003
598,0.166666667,-0.277777778,1509.879363,283.2,0.0206
599,0.166666667,-0.277777778,2448.683859,298.1,0.018
600,0.166666667,-0.277777778,1933.114369,322.8,0.006
601,0.166666667,-0.277777778,15672.55043,323.1,0.047
602,0.166666667,-0.277777778,2015.274673,348.2,0.003
603,0.166666667,-0.166666667,4476.260786,283.2,0.0206
604,0.166666667,-0.166666667,8763741.234,283.2,0.815
605,0.166666667,-0.166666667,6630.758232,298.1,0.018
606,0.166666667,-0.166666667,28630.79175,298.2,0.076
607,0.166666667,-0.166666667,168951.1064,298.1,0.39
608,0.166666667,-0.166666667,4634.081183,322.8,0.006
609,0.166666667,-0.166666667,37070.193,323.1,0.047
610,0.166666667,-0.166666667,4335.949791,348.2,0.003
611,0.166666667,-0.166666667,42259.95646,348.2,0.029
612,0.166666667,-0.166666667,103315.2825,348.2,0.07
613,0.166666667,-0.166666667,162942.9247,348.2,0.109000001
614,0.166666667,-0.166666667,220558.7623,348.1,0.146000002
615,0.166666667,-0.055555556,13219.78728,283.2,0.0206
616,0.166666667,-0.055555556,68318.98657,283.2,0.106
617,0.166666667,-0.055555556,176119.2928,283.2,0.270999999
618,0.166666667,-0.055555556,585276.6571,283.2,0.815
619,0.166666667,-0.055555556,17944.98805,298.1,0.018
620,0.166666667,-0.055555556,76318.80873,298.2,0.076
621,0.166666667,-0.055555556,192452.1523,298.2,0.19
622,0.166666667,-0.055555556,303284.2473,298.2,0.297
623,0.166666667,-0.055555556,11091.28897,322.8,0.006
624,0.166666667,-0.055555556,87945.81755,323.1,0.047
625,0.166666667,-0.055555556,213262.62,323.1,0.113
626,0.166666667,-0.055555556,330988.9825,323.1,0.174
627,0.166666667,-0.055555556,442660.9689,323.1,0.231
628,0.166666667,-0.055555556,549954.1925,323.1,0.285
629,0.166666667,-0.055555556,652138.9212,323.2,0.335
630,0.166666667,-0.055555556,9317.682612,348.2,0.003
631,0.166666667,-0.055555556,90523.97668,348.2,0.029
632,0.166666667,-0.055555556,220216.0948,348.2,0.07
633,0.166666667,-0.055555556,345473.0915,348.2,0.109
634,0.166666667,-0.055555556,465164.6167,348.1,0.146
635,0.166666667,-0.055555556,583892.4245,348.1,0.182
636,0.166666667,-0.055555556,692121.3924,348.2,0.214
637,0.166666667,-0.055555556,807383.2653,348.2,0.248
638,0.166666667,0.055555556,39121.19173,283.2,0.0206
639,0.166666667,0.055555556,199049.4604,283.2,0.106
640,0.166666667,0.055555556,489985.3261,283.2,0.271
641,0.166666667,0.055555556,725077.5269,283.2,0.428
642,0.166666667,0.055555556,867299.4056,283.2,0.558
643,0.166666667,0.055555556,928470.5971,283.2,0.65
644,0.166666667,0.055555556,2179342.831,283.2,0.815
645,0.166666667,0.055555556,48676.70836,298.1,0.018
646,0.166666667,0.055555556,205586.159,298.2,0.076
647,0.166666667,0.055555556,508964.7398,298.2,0.19
648,0.166666667,0.055555556,780614.6092,298.2,0.297
649,0.166666667,0.055555556,994914.6463,298.1,0.39
650,0.166666667,0.055555556,1167735.819,298.1,0.475
651,0.166666667,0.055555556,1299153.687,298.2,0.552
652,0.166666667,0.055555556,1388276.982,298.1,0.628
653,0.166666667,0.055555556,26562.72034,322.8,0.006
654,0.166666667,0.055555556,210217.133,323.1,0.047
655,0.166666667,0.055555556,508756.1666,323.1,0.113
656,0.166666667,0.055555556,786835.0502,323.1,0.174
657,0.166666667,0.055555556,1046865.911,323.1,0.231
658,0.166666667,0.055555556,1291429.216,323.1,0.285
659,0.166666667,0.055555556,1517267.5,323.2,0.335
660,0.166666667,0.055555556,1721683.546,323.2,0.382
661,0.166666667,0.055555556,20027.23088,348.2,0.003
662,0.166666667,0.055555556,194858.4715,348.2,0.029
663,0.166666667,0.055555556,475115.3447,348.2,0.07
664,0.166666667,0.055555556,746808.9617,348.2,0.109
665,0.166666667,0.055555556,1007492.024,348.1,0.146
666,0.166666667,0.055555556,1266188.556,348.1,0.182
667,0.166666667,0.055555556,1501564.362,348.2,0.214
668,0.166666667,0.055555556,1752412.592,348.2,0.248
669,0.166666667,0.166666667,116651.3534,283.2,0.0206
670,0.166666667,0.166666667,604849.425,283.2,0.106
671,0.166666667,0.166666667,1540233.995,283.2,0.271
672,0.166666667,0.166666667,2311766.17,283.2,0.428
673,0.166666667,0.166666667,132955.9369,298.1,0.018
674,0.166666667,0.166666667,571521.99,298.2,0.076
675,0.166666667,0.166666667,1475546.746,298.2,0.19
676,0.166666667,0.166666667,2389399.943,298.2,0.297
677,0.166666667,0.166666667,63758.48761,322.8,0.006
678,0.166666667,0.166666667,512291.6006,323.1,0.047
679,0.166666667,0.166666667,1279587.28,323.1,0.113
680,0.166666667,0.166666667,2054557.518,323.1,0.174
681,0.166666667,0.166666667,2870150.796,323.1,0.231
682,0.166666667,0.166666667,43090.02709,348.2,0.003
683,0.166666667,0.166666667,424103.8801,348.2,0.029
684,0.166666667,0.166666667,1055561.228,348.2,0.07
685,0.166666667,0.166666667,1698005.807,348.2,0.109
686,0.166666667,0.166666667,2353051.521,348.1,0.146
687,0.166666667,0.166666667,3053905.759,348.1,0.182
688,0.166666667,0.277777778,356445.3917,283.2,0.0206
689,0.166666667,0.277777778,370590.3623,298.1,0.018
690,0.166666667,0.277777778,153905.0075,322.8,0.006
691,0.166666667,0.277777778,92928.98207,348.2,0.003
692,0.166666667,0.277777778,947890.8184,348.2,0.029
693,0.277777778,-0.5,404.7544036,348.2,0.003
694,0.277777778,-0.388888889,890.9828196,298.1,0.018
695,0.277777778,-0.388888889,794.834826,322.8,0.006
696,0.277777778,-0.388888889,929.2254048,348.2,0.003
697,0.277777778,-0.277777778,1506.458107,283.2,0.0206
698,0.277777778,-0.277777778,2444.205156,298.1,0.018
699,0.277777778,-0.277777778,1932.064904,322.8,0.006
700,0.277777778,-0.277777778,2014.783603,348.2,0.003
701,0.277777778,-0.166666667,4466.124065,283.2,0.0206
702,0.277777778,-0.166666667,6618.553724,298.1,0.018
704,0.277777778,-0.166666667,4631.550358,322.8,0.006
705,0.277777778,-0.166666667,36907.69141,323.1,0.047
706,0.277777778,-0.166666667,4334.884819,348.2,0.003
707,0.277777778,-0.166666667,42157.88738,348.2,0.029
708,0.277777778,-0.166666667,102695.5532,348.2,0.07
709,0.277777778,-0.166666667,161378.4358,348.2,0.109000001
710,0.277777778,-0.055555556,13189.60011,283.2,0.0206
711,0.277777778,-0.055555556,67469.25136,283.2,0.106
712,0.277777778,-0.055555556,17911.64043,298.1,0.018
713,0.277777778,-0.055555556,75695.47259,298.2,0.076
714,0.277777778,-0.055555556,188186.0885,298.2,0.19
715,0.277777778,-0.055555556,291908.2854,298.2,0.297
716,0.277777778,-0.055555556,11085.17412,322.8,0.006
717,0.277777778,-0.055555556,87554.43575,323.1,0.047
718,0.277777778,-0.055555556,210859.9538,323.1,0.113
719,0.277777778,-0.055555556,324959.7416,323.1,0.174
720,0.277777778,-0.055555556,431446.6763,323.1,0.231
721,0.277777778,-0.055555556,531979.2341,323.1,0.285
722,0.277777778,-0.055555556,9315.370409,348.2,0.003
723,0.277777778,-0.055555556,90302.06724,348.2,0.029
724,0.277777778,-0.055555556,218866.6688,348.2,0.07
725,0.277777778,-0.055555556,342063.0132,348.2,0.109
726,0.277777778,-0.055555556,458807.7824,348.1,0.146
727,0.277777778,-0.055555556,573618.7139,348.1,0.182
728,0.277777778,-0.055555556,677383.2954,348.2,0.214
729,0.277777778,-0.055555556,786824.1162,348.2,0.248
730,0.277777778,0.055555556,39030.82015,283.2,0.0206
731,0.277777778,0.055555556,196502.9447,283.2,0.106
732,0.277777778,0.055555556,471457.0228,283.2,0.271
733,0.277777778,0.055555556,675537.2883,283.2,0.428
734,0.277777778,0.055555556,782163.0417,283.2,0.558
735,0.277777778,0.055555556,816895.2106,283.2,0.65
736,0.277777778,0.055555556,48585.12894,298.1,0.018
737,0.277777778,0.055555556,203862.8998,298.2,0.076
738,0.277777778,0.055555556,497063.329,298.2,0.19
739,0.277777778,0.055555556,748923.7229,298.2,0.297
740,0.277777778,0.055555556,936863.9273,298.1,0.39
741,0.277777778,0.055555556,1078033.951,298.1,0.475
742,0.277777778,0.055555556,1175683.493,298.2,0.552
743,0.277777778,0.055555556,1230624.733,298.1,0.628
744,0.277777778,0.055555556,26547.91661,322.8,0.006
745,0.277777778,0.055555556,209260.0804,323.1,0.047
746,0.277777778,0.055555556,502772.2195,323.1,0.113
747,0.277777778,0.055555556,771567.1708,323.1,0.174
748,0.277777778,0.055555556,1018045.636,323.1,0.231
749,0.277777778,0.055555556,1244646.132,323.1,0.285
750,0.277777778,0.055555556,1448639.507,323.2,0.335
751,0.277777778,0.055555556,1627654.83,323.2,0.382
752,0.277777778,0.055555556,20022.20558,348.2,0.003
753,0.277777778,0.055555556,194371.2886,348.2,0.029
754,0.277777778,0.055555556,472103.3997,348.2,0.07
755,0.277777778,0.055555556,739070.7201,348.2,0.109
756,0.277777778,0.055555556,992823.2005,348.1,0.146
757,0.277777778,0.055555556,1242082.298,348.1,0.182
758,0.277777778,0.055555556,1466454.352,348.2,0.214
759,0.277777778,0.055555556,1702593.988,348.2,0.248
760,0.277777778,0.166666667,116376.6085,283.2,0.0206
761,0.277777778,0.166666667,596506.8565,283.2,0.106
762,0.277777778,0.166666667,1467110.327,283.2,0.271
763,0.277777778,0.166666667,101372346.9,283.2,0.65
764,0.277777778,0.166666667,132700.8964,298.1,0.018
765,0.277777778,0.166666667,566432.8125,298.2,0.076
766,0.277777778,0.166666667,1434516.455,298.2,0.19
767,0.277777778,0.166666667,2249585.536,298.2,0.297
768,0.277777778,0.166666667,63722.48516,322.8,0.006
769,0.277777778,0.166666667,509856.0695,323.1,0.047
770,0.277777778,0.166666667,1262849.911,323.1,0.113
771,0.277777778,0.166666667,2006310.4,323.1,0.174
772,0.277777778,0.166666667,2761368.74,323.1,0.231
773,0.277777778,0.166666667,43079.08247,348.2,0.003
774,0.277777778,0.166666667,423010.0706,348.2,0.029
775,0.277777778,0.166666667,1048408.257,348.2,0.07
776,0.277777778,0.166666667,1678372.525,348.2,0.109
777,0.277777778,0.166666667,2312732.468,348.1,0.146
778,0.277777778,0.166666667,2980455.069,348.1,0.182
779,0.277777778,0.277777778,355566.8205,283.2,0.0206
780,0.277777778,0.277777778,369849.8653,298.1,0.018
781,0.277777778,0.277777778,153816.4564,322.8,0.006
782,0.277777778,0.277777778,92905.03566,348.2,0.003
783,0.277777778,0.277777778,945294.2075,348.2,0.029
785,0.388888889,-0.5,404.6427226,348.2,0.003
786,0.388888889,-0.388888889,889.3231935,298.1,0.018
787,0.388888889,-0.388888889,794.3949384,322.8,0.006
788,0.388888889,-0.388888889,928.9978175,348.2,0.003
789,0.388888889,-0.277777778,1503.04443,283.2,0.0206
790,0.388888889,-0.277777778,2439.734534,298.1,0.018
791,0.388888889,-0.277777778,1931.016,322.8,0.006
792,0.388888889,-0.277777778,2014.292651,348.2,0.003
793,0.388888889,-0.166666667,4456.010059,283.2,0.0206
794,0.388888889,-0.166666667,6606.371415,298.1,0.018
795,0.388888889,-0.166666667,190535.0302,298.1,0.475
796,0.388888889,-0.166666667,4629.020895,322.8,0.006
797,0.388888889,-0.166666667,36745.89559,323.1,0.047
798,0.388888889,-0.166666667,4333.820103,348.2,0.003
799,0.388888889,-0.166666667,42056.06095,348.2,0.029
800,0.388888889,-0.166666667,102079.5125,348.2,0.07
801,0.388888889,-0.166666667,159828.9529,348.2,0.109000001
802,0.388888889,-0.055555556,13159.47851,283.2,0.0206
803,0.388888889,-0.055555556,66630.08946,283.2,0.106
804,0.388888889,-0.055555556,17878.35436,298.1,0.018
805,0.388888889,-0.055555556,75077.21523,298.2,0.076
806,0.388888889,-0.055555556,184016.079,298.2,0.19
807,0.388888889,-0.055555556,358957.9655,298.1,0.39
808,0.388888889,-0.055555556,11079.06259,322.8,0.006
809,0.388888889,-0.055555556,87164.78194,323.1,0.047
810,0.388888889,-0.055555556,208484.5595,323.1,0.113
811,0.388888889,-0.055555556,319042.7869,323.1,0.174
812,0.388888889,-0.055555556,420526.9622,323.1,0.231
813,0.388888889,-0.055555556,514621.8271,323.1,0.285
814,0.388888889,-0.055555556,9313.058767,348.2,0.003
815,0.388888889,-0.055555556,90080.694,348.2,0.029
816,0.388888889,-0.055555556,217525.4922,348.2,0.07
817,0.388888889,-0.055555556,338686.9428,348.2,0.109
818,0.388888889,-0.055555556,452539.8024,348.1,0.146
819,0.388888889,-0.055555556,563532.1791,348.1,0.182
820,0.388888889,-0.055555556,662973.8163,348.2,0.214
821,0.388888889,-0.055555556,766819.8194,348.2,0.248
822,0.388888889,0.055555556,38940.65558,283.2,0.0206
823,0.388888889,0.055555556,193989.588,283.2,0.106
824,0.388888889,0.055555556,453677.8034,283.2,0.271
825,0.388888889,0.055555556,629764.5122,283.2,0.428
826,0.388888889,0.055555556,706552.3562,283.2,0.558
827,0.388888889,0.055555556,9509396.444,283.2,0.65
828,0.388888889,0.055555556,202154.2577,298.2,0.076
829,0.388888889,0.055555556,485456.5599,298.2,0.19
830,0.388888889,0.055555556,718653.9343,298.2,0.297
831,0.388888889,0.055555556,882684.7998,298.1,0.39
832,0.388888889,0.055555556,996425.7004,298.1,0.475
833,0.388888889,0.055555556,1066273.134,298.2,0.552
834,0.388888889,0.055555556,26533.12096,322.8,0.006
835,0.388888889,0.055555556,208307.3923,323.1,0.047
836,0.388888889,0.055555556,496861.348,323.1,0.113
837,0.388888889,0.055555556,756617.8792,323.1,0.174
838,0.388888889,0.055555556,990108.3975,323.1,0.231
839,0.388888889,0.055555556,1199813.7,323.1,0.285
840,0.388888889,0.055555556,1383700.136,323.2,0.335
841,0.388888889,0.055555556,1539912.52,323.2,0.382
842,0.388888889,0.055555556,20017.18151,348.2,0.003
843,0.388888889,0.055555556,193885.3098,348.2,0.029
844,0.388888889,0.055555556,469110.8734,348.2,0.07
845,0.388888889,0.055555556,731416.302,348.2,0.109
846,0.388888889,0.055555556,978383.8806,348.1,0.146
847,0.388888889,0.055555556,1218483.323,348.1,0.182
848,0.388888889,0.055555556,1432276.022,348.2,0.214
849,0.388888889,0.055555556,1654430.343,348.2,0.248
850,0.388888889,0.166666667,116102.5114,283.2,0.0206
851,0.388888889,0.166666667,588289.7719,283.2,0.106
852,0.388888889,0.166666667,1398752.864,283.2,0.271
853,0.388888889,0.166666667,132446.3442,298.1,0.018
854,0.388888889,0.166666667,561391.9479,298.2,0.076
855,0.388888889,0.166666667,1394937.467,298.2,0.19
856,0.388888889,0.166666667,2123813.686,298.2,0.297
857,0.388888889,0.166666667,63686.50265,322.8,0.006
858,0.388888889,0.166666667,507432.5151,323.1,0.047
859,0.388888889,0.166666667,1246364.307,323.1,0.113
860,0.388888889,0.166666667,1959556.916,323.1,0.174
861,0.388888889,0.166666667,2659253.868,323.1,0.231
862,0.388888889,0.166666667,43068.14054,348.2,0.003
863,0.388888889,0.166666667,421919.1016,348.2,0.029
864,0.388888889,0.166666667,1041307.416,348.2,0.07
865,0.388888889,0.166666667,1659002.57,348.2,0.109
866,0.388888889,0.166666667,2273289.637,348.1,0.146
867,0.388888889,0.166666667,2909515.273,348.1,0.182
868,0.388888889,0.166666667,3521050.91,348.2,0.214
869,0.388888889,0.277777778,354690.5004,283.2,0.0206
870,0.388888889,0.277777778,369110.8929,298.1,0.018
871,0.388888889,0.277777778,153727.9557,322.8,0.006
872,0.388888889,0.277777778,92881.09524,348.2,0.003
873,0.388888889,0.277777778,942705.1309,348.2,0.029
874,0.5,-0.5,404.5310684,348.2,0.003
875,0.5,-0.388888889,99668.62931,283.2,0.815
876,0.5,-0.388888889,887.6664478,298.1,0.018
877,0.5,-0.388888889,793.9552796,322.8,0.006
878,0.5,-0.388888889,928.7702829,348.2,0.003
879,0.5,-0.277777778,1499.638313,283.2,0.0206
880,0.5,-0.277777778,155359.9367,283.2,0.815
881,0.5,-0.277777778,2435.271999,298.1,0.018
882,0.5,-0.277777778,1929.967655,322.8,0.006
883,0.5,-0.277777778,2013.801816,348.2,0.003
884,0.5,-0.166666667,4445.918774,283.2,0.0206
885,0.5,-0.166666667,154078.137,283.2,0.65
886,0.5,-0.166666667,6594.211306,298.1,0.018
887,0.5,-0.166666667,4626.492941,322.8,0.006
888,0.5,-0.166666667,36584.8025,323.1,0.047
889,0.5,-0.166666667,88089.03463,323.1,0.113
890,0.5,-0.166666667,4332.755644,348.2,0.003
891,0.5,-0.166666667,41954.47702,348.2,0.029
892,0.5,-0.055555556,13129.43163,283.2,0.0206
893,0.5,-0.055555556,65801.36813,283.2,0.106
894,0.5,-0.055555556,231131.67,283.2,0.428
895,0.5,-0.055555556,309738.462,283.2,0.65
896,0.5,-0.055555556,17845.12961,298.1,0.018
897,0.5,-0.055555556,74463.99499,298.2,0.076
898,0.5,-0.055555556,179939.8808,298.2,0.19
899,0.5,-0.055555556,11072.95437,322.8,0.006
900,0.5,-0.055555556,86776.84847,323.1,0.047
901,0.5,-0.055555556,206136.1188,323.1,0.113
902,0.5,-0.055555556,313235.9138,323.1,0.174
903,0.5,-0.055555556,409893.4849,323.1,0.231
904,0.5,-0.055555556,577081.3421,323.2,0.335
905,0.5,-0.055555556,9310.747675,348.2,0.003
906,0.5,-0.055555556,89859.85525,348.2,0.029
907,0.5,-0.055555556,216192.5136,348.2,0.07
908,0.5,-0.055555556,335344.5277,348.2,0.109
909,0.5,-0.055555556,446359.3576,348.1,0.146
910,0.5,-0.055555556,553629.1251,348.1,0.182
911,0.5,-0.055555556,648884.875,348.2,0.214
912,0.5,-0.055555556,747353.5587,348.2,0.248
913,0.5,0.055555556,38850.69756,283.2,0.0206
914,0.5,0.055555556,191508.9377,283.2,0.106
915,0.5,0.055555556,436613.2243,283.2,0.271
916,0.5,0.055555556,587415.3847,283.2,0.428
917,0.5,0.055555556,788291.4161,283.2,0.558
918,0.5,0.055555556,200460.1037,298.2,0.076
919,0.5,0.055555556,474136.2254,298.2,0.19
920,0.5,0.055555556,689728.7936,298.2,0.297
921,0.5,0.055555556,832053.4668,298.1,0.39
922,0.5,0.055555556,921968.7371,298.1,0.475
923,0.5,0.055555556,968827.5009,298.2,0.552
924,0.5,0.055555556,26518.3334,322.8,0.006
925,0.5,0.055555556,207359.0482,323.1,0.047
926,0.5,0.055555556,491022.5741,323.1,0.113
927,0.5,0.055555556,741979.4563,323.1,0.174
928,0.5,0.055555556,963021.108,323.1,0.231
929,0.5,0.055555556,1156827.75,323.1,0.285
930,0.5,0.055555556,1322185.158,323.2,0.335
931,0.5,0.055555556,1457877.535,323.2,0.382
932,0.5,0.055555556,20012.15866,348.2,0.003
933,0.5,0.055555556,193400.5348,348.2,0.029
934,0.5,0.055555556,466137.6326,348.2,0.07
935,0.5,0.055555556,723844.6935,348.2,0.109
936,0.5,0.055555556,964169.8713,348.1,0.146
937,0.5,0.055555556,1195378.622,348.1,0.182
938,0.5,0.055555556,1398998.094,348.2,0.214
939,0.5,0.055555556,1607849.36,348.2,0.248
940,0.5,0.166666667,115829.0605,283.2,0.0206
941,0.5,0.166666667,1334661.414,283.2,0.271
942,0.5,0.166666667,132192.2792,298.1,0.018
943,0.5,0.166666667,556398.8689,298.2,0.076
944,0.5,0.166666667,1356733.56,298.2,0.19
945,0.5,0.166666667,2009333.79,298.2,0.297
946,0.5,0.166666667,63650.54008,322.8,0.006
947,0.5,0.166666667,505020.8731,323.1,0.047
948,0.5,0.166666667,1230125.538,323.1,0.113
949,0.5,0.166666667,1914225.374,323.1,0.174
950,0.5,0.166666667,2563037.497,323.1,0.231
951,0.5,0.166666667,3187244.469,323.1,0.285
952,0.5,0.166666667,43057.20132,348.2,0.003
953,0.5,0.166666667,420830.9655,348.2,0.029
954,0.5,0.166666667,1034258.256,348.2,0.07
955,0.5,0.166666667,1639891.271,348.2,0.109
956,0.5,0.166666667,2234694.831,348.1,0.146
957,0.5,0.166666667,2840943.199,348.1,0.182
958,0.5,0.166666667,3411598.658,348.2,0.214
959,0.5,0.277777778,353816.425,283.2,0.0206
960,0.5,0.277777778,368373.4416,298.1,0.018
961,0.5,0.277777778,153639.5052,322.8,0.006
962,0.5,0.277777778,92857.16081,348.2,0.003
963,0.5,0.277777778,940123.5611,348.2,0.029
