,0,0,0,0
0,-0.5,-0.5,405.53677382113807,348.2
1,-0.5,-0.3888888888888889,344538.7036862482,283.2
2,-0.5,-0.3888888888888889,797.9204219872908,322.8
3,-0.5,-0.3888888888888889,930.8200150807979,348.2
4,-0.5,-0.2777777777777778,1530.5669390181151,283.2
5,-0.5,-0.2777777777777778,555226.0057436934,283.2
6,-0.5,-0.2777777777777778,2475.7269616732187,298.1
7,-0.5,-0.2777777777777778,1939.4229349308239,322.8
8,-0.5,-0.2777777777777778,2018.2235556619096,348.2
9,-0.5,-0.16666666666666669,4537.561412917849,283.2
10,-0.5,-0.16666666666666669,284853.4849641853,283.2
11,-0.5,-0.16666666666666669,914213.3526835439,283.2
12,-0.5,-0.16666666666666669,6704.454493361467,298.1
13,-0.5,-0.16666666666666669,153034.483637411,298.2
14,-0.5,-0.16666666666666669,231142.65542252528,298.1
15,-0.5,-0.16666666666666669,449735.49479342345,298.2
16,-0.5,-0.16666666666666669,4649.2947660107075,322.8
17,-0.5,-0.16666666666666669,38060.19555985582,323.1
18,-0.5,-0.16666666666666669,97314.72813767925,323.1
19,-0.5,-0.16666666666666669,297486.17532334244,323.1
20,-0.5,-0.16666666666666669,4342.3450104419635,348.2
21,-0.5,-0.16666666666666669,42877.505143283066,348.2
22,-0.5,-0.16666666666666669,107112.36247216444,348.2
23,-0.5,-0.16666666666666669,238885.78972306574,348.1
24,-0.5,-0.16666666666666669,452327.4892911204,348.2
25,-0.5,-0.05555555555555558,13402.350666283073,283.2
26,-0.5,-0.05555555555555558,73647.09362855523,283.2
27,-0.5,-0.05555555555555558,219114.2494309609,283.2
28,-0.5,-0.05555555555555558,416413.80275510985,283.2
29,-0.5,-0.05555555555555558,659684.7525766294,283.2
30,-0.5,-0.05555555555555558,907274.0110388782,283.2
31,-0.5,-0.05555555555555558,18146.36324205819,298.1
32,-0.5,-0.05555555555555558,80167.85707948847,298.2
33,-0.5,-0.05555555555555558,220198.87571181956,298.2
34,-0.5,-0.05555555555555558,381942.8177184474,298.2
35,-0.5,-0.05555555555555558,556170.9614533279,298.1
36,-0.5,-0.05555555555555558,758442.605185761,298.1
37,-0.5,-0.05555555555555558,995076.800558849,298.2
38,-0.5,-0.05555555555555558,1292264.8387741013,298.1
39,-0.5,-0.05555555555555558,11128.047708451457,322.8
40,-0.5,-0.05555555555555558,90330.82829511634,323.1
41,-0.5,-0.05555555555555558,228269.68188878696,323.1
42,-0.5,-0.05555555555555558,369652.3477339004,323.1
43,-0.5,-0.05555555555555558,516637.4446974228,323.1
44,-0.5,-0.05555555555555558,672228.7023897228,323.1
45,-0.5,-0.05555555555555558,835656.4843258951,323.2
46,-0.5,-0.05555555555555558,1006793.8913494252,323.2
47,-0.5,-0.05555555555555558,9331.567607321353,348.2
48,-0.5,-0.05555555555555558,91866.75131406651,348.2
49,-0.5,-0.05555555555555558,228488.8031566117,348.2
50,-0.5,-0.05555555555555558,366668.0105116234,348.2
51,-0.5,-0.05555555555555558,505248.36319967074,348.1
52,-0.5,-0.05555555555555558,649683.7124639585,348.1
53,-0.5,-0.05555555555555558,787935.8351806356,348.2
54,-0.5,-0.05555555555555558,943418.7892040405,348.2
55,-0.5,0.05555555555555558,39667.79529892553,283.2
56,-0.5,0.05555555555555558,215051.13036387207,283.2
57,-0.5,0.05555555555555558,619104.7125852449,283.2
58,-0.5,0.05555555555555558,1128420.0774250643,283.2
59,-0.5,0.05555555555555558,1714594.982820225,283.2
60,-0.5,0.05555555555555558,49229.783291096704,298.1
61,-0.5,0.05555555555555558,216240.0599423523,298.2
62,-0.5,0.05555555555555558,587058.9179700324,298.2
63,-0.5,0.05555555555555558,1005727.5344027826,298.2
64,-0.5,0.05555555555555558,1449535.6041837868,298.1
65,-0.5,0.05555555555555558,1965358.6835573935,298.1
66,-0.5,0.05555555555555558,974596491.1888311,298.1
67,-0.5,0.05555555555555558,26651.71292461849,322.8
68,-0.5,0.05555555555555558,216052.26188758135,323.1
69,-0.5,0.05555555555555558,546251.2368726451,323.1
70,-0.5,0.05555555555555558,885597.6252144909,323.1
71,-0.5,0.05555555555555558,1240427.2355120783,323.1
72,-0.5,0.05555555555555558,1620160.572680342,323.1
73,-0.5,0.05555555555555558,2026134.3549580388,323.2
74,-0.5,0.05555555555555558,2466477.3947418327,323.2
75,-0.5,0.05555555555555558,20057.408459632225,348.2
76,-0.5,0.05555555555555558,197807.04687872186,348.2
77,-0.5,0.05555555555555558,493602.4054787401,348.2
78,-0.5,0.05555555555555558,795057.4446146872,348.2
79,-0.5,0.05555555555555558,1100572.5272476238,348.1
80,-0.5,0.05555555555555558,1422269.6162424793,348.1
81,-0.5,0.05555555555555558,1733751.045272546,348.2
82,-0.5,0.05555555555555558,2090811.8867085008,348.2
83,-0.5,0.16666666666666663,118313.5129481116,283.2
84,-0.5,0.16666666666666663,657672.9391197612,283.2
85,-0.5,0.16666666666666663,134496.48723863464,298.1
86,-0.5,0.16666666666666663,603102.1106615833,298.2
87,-0.5,0.16666666666666663,1757511.2912128328,298.2
88,-0.5,0.16666666666666663,63974.921824447214,322.8
89,-0.5,0.16666666666666663,527159.9763974877,323.1
90,-0.5,0.16666666666666663,1385593.3805143968,323.1
91,-0.5,0.16666666666666663,2380307.3921289574,323.1
92,-0.5,0.16666666666666663,43155.75153812247,348.2
93,-0.5,0.16666666666666663,430726.8290667111,348.2
94,-0.5,0.16666666666666663,1099599.590326027,348.2
95,-0.5,0.16666666666666663,1821613.1169804304,348.2
96,-0.5,0.16666666666666663,2615150.6464997744,348.1
97,-0.5,0.2777777777777777,361764.44913326774,283.2
98,-0.5,0.2777777777777777,154437.37203289155,322.8
99,-0.5,0.2777777777777777,93072.78647209243,348.2
100,-0.3888888888888889,-0.5,274.264544468692,322.8
101,-0.3888888888888889,-0.5,405.42493692145996,348.2
102,-0.3888888888888889,-0.3888888888888889,797.478937079536,322.8
103,-0.3888888888888889,-0.3888888888888889,930.5920545093429,348.2
104,-0.3888888888888889,-0.2777777777777778,1527.0998717539014,283.2
105,-0.3888888888888889,-0.2777777777777778,477669.4237710112,283.2
106,-0.3888888888888889,-0.2777777777777778,2471.199370061455,298.1
107,-0.3888888888888889,-0.2777777777777778,1938.3701039128532,322.8
108,-0.3888888888888889,-0.2777777777777778,2017.7317819952611,348.2
109,-0.3888888888888889,-0.2777777777777778,20009.270069906837,348.2
110,-0.3888888888888889,-0.16666666666666669,4527.2871987542585,283.2
111,-0.3888888888888889,-0.16666666666666669,778077.8436188769,283.2
112,-0.3888888888888889,-0.16666666666666669,6692.115721101235,298.1
113,-0.3888888888888889,-0.16666666666666669,83317.77780721676,298.2
114,-0.3888888888888889,-0.16666666666666669,412887.9795528204,298.2
115,-0.3888888888888889,-0.16666666666666669,4646.7557565146535,322.8
116,-0.3888888888888889,-0.16666666666666669,37893.39480411239,323.1
117,-0.3888888888888889,-0.16666666666666669,96243.74782009653,323.1
118,-0.3888888888888889,-0.16666666666666669,4341.278498693335,348.2
119,-0.3888888888888889,-0.16666666666666669,42773.96630710622,348.2
120,-0.3888888888888889,-0.16666666666666669,106470.03408008319,348.2
121,-0.3888888888888889,-0.16666666666666669,235728.11421824354,348.1
122,-0.3888888888888889,-0.16666666666666669,368321.5893718115,348.2
123,-0.3888888888888889,-0.05555555555555558,13371.750987108286,283.2
124,-0.3888888888888889,-0.05555555555555558,72731.03163891079,283.2
125,-0.3888888888888889,-0.05555555555555558,211262.7646326822,283.2
126,-0.3888888888888889,-0.05555555555555558,389676.4580811399,283.2
127,-0.3888888888888889,-0.05555555555555558,597726.6405186368,283.2
128,-0.3888888888888889,-0.05555555555555558,799053.7502348714,283.2
129,-0.3888888888888889,-0.05555555555555558,1316431.9719402913,283.2
130,-0.3888888888888889,-0.05555555555555558,18112.64700450804,298.1
131,-0.3888888888888889,-0.05555555555555558,79513.15363401565,298.2
132,-0.3888888888888889,-0.05555555555555558,215305.9824916993,298.2
133,-0.3888888888888889,-0.05555555555555558,367483.6109198003,298.2
134,-0.3888888888888889,-0.05555555555555558,526177.1028968088,298.1
135,-0.3888888888888889,-0.05555555555555558,704458.4292998578,298.1
136,-0.3888888888888889,-0.05555555555555558,906006.6449987972,298.2
137,-0.3888888888888889,-0.05555555555555558,1148881.4323736983,298.1
138,-0.3888888888888889,-0.05555555555555558,11121.91294814266,322.8
139,-0.3888888888888889,-0.05555555555555558,89928.91618741449,323.1
140,-0.3888888888888889,-0.05555555555555558,225696.46454060724,323.1
141,-0.3888888888888889,-0.05555555555555558,362900.2066193411,323.1
142,-0.3888888888888889,-0.05555555555555558,503463.6836315112,323.1
143,-0.3888888888888889,-0.05555555555555558,649990.947101294,323.1
144,-0.3888888888888889,-0.05555555555555558,801533.234293162,323.2
145,-0.3888888888888889,-0.05555555555555558,957556.3113134067,323.2
146,-0.3888888888888889,-0.05555555555555558,9329.25203876594,348.2
147,-0.3888888888888889,-0.05555555555555558,91641.60151394129,348.2
148,-0.3888888888888889,-0.05555555555555558,227088.7844036616,348.2
149,-0.3888888888888889,-0.05555555555555558,363046.2417616148,348.2
150,-0.3888888888888889,-0.05555555555555558,498329.39269695384,348.1
151,-0.3888888888888889,-0.05555555555555558,638204.2406929061,348.1
152,-0.3888888888888889,-0.05555555555555558,771041.8011608995,348.2
153,-0.3888888888888889,-0.05555555555555558,919138.191324767,348.2
154,-0.3888888888888889,0.05555555555555558,39576.17159269142,283.2
155,-0.3888888888888889,0.05555555555555558,212295.75826557097,283.2
156,-0.3888888888888889,0.05555555555555558,595226.8426562476,283.2
157,-0.3888888888888889,0.05555555555555558,1045399.8818835802,283.2
158,-0.3888888888888889,0.05555555555555558,1512584.594629962,283.2
159,-0.3888888888888889,0.05555555555555558,49137.174159181035,298.1
160,-0.3888888888888889,0.05555555555555558,214426.31695674575,298.2
161,-0.3888888888888889,0.05555555555555558,573199.9228445484,298.2
162,-0.3888888888888889,0.05555555555555558,963518.3259057702,298.2
163,-0.3888888888888889,0.05555555555555558,1358209.5947230638,298.1
164,-0.3888888888888889,0.05555555555555558,1789079.2976862004,298.1
165,-0.3888888888888889,0.05555555555555558,2270594.8760140673,298.2
166,-0.3888888888888889,0.05555555555555558,26636.860547638433,322.8
167,-0.3888888888888889,0.05555555555555558,215068.58688713124,323.1
168,-0.3888888888888889,0.05555555555555558,539807.3897414322,323.1
169,-0.3888888888888889,0.05555555555555558,868241.4263902331,323.1
170,-0.3888888888888889,0.05555555555555558,1205503.6988736123,323.1
171,-0.3888888888888889,0.05555555555555558,1558918.317922143,323.1
172,-0.3888888888888889,0.05555555555555558,1927559.4494003563,323.2
173,-0.3888888888888889,0.05555555555555558,2314778.411653776,323.2
174,-0.3888888888888889,0.05555555555555558,20052.375791426508,348.2
175,-0.3888888888888889,0.05555555555555558,197312.57264170016,348.2
176,-0.3888888888888889,0.05555555555555558,490471.0895469686,348.2
177,-0.3888888888888889,0.05555555555555558,786794.0941941859,348.2
178,-0.3888888888888889,0.05555555555555558,1084432.7188096333,348.1
179,-0.3888888888888889,0.05555555555555558,1394818.5240473826,348.1
180,-0.3888888888888889,0.05555555555555558,1692299.1481039787,348.2
181,-0.3888888888888889,0.05555555555555558,2029232.7514634621,348.2
182,-0.3888888888888889,0.16666666666666663,118034.8486720699,283.2
183,-0.3888888888888889,0.16666666666666663,648527.0937002661,283.2
184,-0.3888888888888889,0.16666666666666663,134238.49700345576,298.1
185,-0.3888888888888889,0.16666666666666663,597711.5559919606,298.2
186,-0.3888888888888889,0.16666666666666663,1705692.6814443273,298.2
187,-0.3888888888888889,0.16666666666666663,63938.79946181785,322.8
188,-0.3888888888888889,0.16666666666666663,524651.2079646586,323.1
189,-0.3888888888888889,0.16666666666666663,1367233.4677297082,323.1
190,-0.3888888888888889,0.16666666666666663,2321184.565752914,323.1
191,-0.3888888888888889,0.16666666666666663,43144.79070822598,348.2
192,-0.3888888888888889,0.16666666666666663,429615.8111180041,348.2
193,-0.3888888888888889,0.16666666666666663,1092124.1161094315,348.2
194,-0.3888888888888889,0.16666666666666663,1800294.524170382,348.2
195,-0.3888888888888889,0.16666666666666663,2568889.0570991263,348.1
196,-0.3888888888888889,0.2777777777777777,360872.2370496668,283.2
197,-0.3888888888888889,0.2777777777777777,374315.83504841017,298.1
198,-0.3888888888888889,0.2777777777777777,154348.51850790746,322.8
199,-0.3888888888888889,0.2777777777777777,93048.804072861,348.2
200,-0.3888888888888889,0.2777777777777777,960987.758282647,348.2
201,-0.2777777777777778,-0.5,274.0314362325468,322.8
202,-0.2777777777777778,-0.5,405.3131263536506,348.2
203,-0.2777777777777778,-0.3888888888888889,797.0376805250277,322.8
204,-0.2777777777777778,-0.3888888888888889,930.3641473388448,348.2
205,-0.2777777777777778,-0.2777777777777778,1523.6404819578254,283.2
206,-0.2777777777777778,-0.2777777777777778,412010.58034456917,283.2
207,-0.2777777777777778,-0.2777777777777778,2466.679960579783,298.1
208,-0.2777777777777778,-0.2777777777777778,1937.3178345403887,322.8
209,-0.2777777777777778,-0.2777777777777778,2017.2401250482108,348.2
210,-0.2777777777777778,-0.2777777777777778,19961.557318668085,348.2
211,-0.2777777777777778,-0.16666666666666669,4517.036025389057,283.2
212,-0.2777777777777778,-0.16666666666666669,336236.7368639442,283.2
213,-0.2777777777777778,-0.16666666666666669,665256.128826955,283.2
214,-0.2777777777777778,-0.16666666666666669,6679.799424547274,298.1
215,-0.2777777777777778,-0.16666666666666669,498950.4987424356,298.1
216,-0.2777777777777778,-0.16666666666666669,4644.2181124894105,322.8
217,-0.2777777777777778,-0.16666666666666669,37727.31831868284,323.1
218,-0.2777777777777778,-0.16666666666666669,95184.54175189623,323.1
219,-0.2777777777777778,-0.16666666666666669,4340.212243645171,348.2
220,-0.2777777777777778,-0.16666666666666669,42670.673834060355,348.2
221,-0.2777777777777778,-0.16666666666666669,105831.52851926739,348.2
222,-0.2777777777777778,-0.16666666666666669,169353.8957058469,348.2
223,-0.2777777777777778,-0.16666666666666669,232612.46079519627,348.1
224,-0.2777777777777778,-0.05555555555555558,13341.220489033827,283.2
225,-0.2777777777777778,-0.05555555555555558,71826.37687763564,283.2
226,-0.2777777777777778,-0.05555555555555558,203699.98308278504,283.2
227,-0.2777777777777778,-0.05555555555555558,364757.75836746406,283.2
228,-0.2777777777777778,-0.05555555555555558,542169.5716443391,283.2
229,-0.2777777777777778,-0.05555555555555558,705583.0628142473,283.2
230,-0.2777777777777778,-0.05555555555555558,1104776.06575367,283.2
231,-0.2777777777777778,-0.05555555555555558,18078.992163480605,298.1
232,-0.2777777777777778,-0.05555555555555558,78863.78640586758,298.2
233,-0.2777777777777778,-0.05555555555555558,210523.89333485442,298.2
234,-0.2777777777777778,-0.05555555555555558,353595.67541698104,298.2
235,-0.2777777777777778,-0.05555555555555558,497914.5444048656,298.1
236,-0.2777777777777778,-0.05555555555555558,654707.7550845267,298.1
237,-0.2777777777777778,-0.05555555555555558,826022.6857797293,298.2
238,-0.2777777777777778,-0.05555555555555558,1024437.6700274477,298.1
239,-0.2777777777777778,-0.05555555555555558,11115.78151161579,322.8
240,-0.2777777777777778,-0.05555555555555558,89528.77863187135,323.1
241,-0.2777777777777778,-0.05555555555555558,223152.5173010804,323.1
242,-0.2777777777777778,-0.05555555555555558,356274.6738038558,323.1
243,-0.2777777777777778,-0.05555555555555558,490640.97579160036,323.1
244,-0.2777777777777778,-0.05555555555555558,628536.7200812827,323.1
245,-0.2777777777777778,-0.05555555555555558,768924.0067953509,323.2
246,-0.2777777777777778,-0.05555555555555558,910991.1192698991,323.2
247,-0.2777777777777778,-0.05555555555555558,9326.937031461604,348.2
248,-0.2777777777777778,-0.05555555555555558,91416.99487415966,348.2
249,-0.2777777777777778,-0.05555555555555558,225697.33009921326,348.2
250,-0.2777777777777778,-0.05555555555555558,359460.6858487938,348.2
251,-0.2777777777777778,-0.05555555555555558,491507.6863669381,348.1
252,-0.2777777777777778,-0.05555555555555558,626936.0561991159,348.1
253,-0.2777777777777778,-0.05555555555555558,754530.4145030406,348.2
254,-0.2777777777777778,-0.05555555555555558,895528.3702718843,348.2
255,-0.2777777777777778,0.05555555555555558,39484.757770214834,283.2
256,-0.2777777777777778,0.05555555555555558,209576.4110554201,283.2
257,-0.2777777777777778,0.05555555555555558,572355.9762331189,283.2
258,-0.2777777777777778,0.05555555555555558,969729.8870028378,283.2
259,-0.2777777777777778,0.05555555555555558,1343167.7073336607,283.2
260,-0.2777777777777778,0.05555555555555558,49044.737444236554,298.1
261,-0.2777777777777778,0.05555555555555558,212627.992166056,298.2
262,-0.2777777777777778,0.05555555555555558,559691.4657897502,298.2
263,-0.2777777777777778,0.05555555555555558,923341.2427971431,298.2
264,-0.2777777777777778,0.05555555555555558,1274042.7959364075,298.1
265,-0.2777777777777778,0.05555555555555558,1634783.207181013,298.1
266,-0.2777777777777778,0.05555555555555558,2005318.4381456398,298.2
267,-0.2777777777777778,0.05555555555555558,2402897.10130543,298.1
268,-0.2777777777777778,0.05555555555555558,26622.016288478055,322.8
269,-0.2777777777777778,0.05555555555555558,214089.4012728453,323.1
270,-0.2777777777777778,0.05555555555555558,533442.8301041678,323.1
271,-0.2777777777777778,0.05555555555555558,851255.7441827229,323.1
272,-0.2777777777777778,0.05555555555555558,1171704.4656636359,323.1
273,-0.2777777777777778,0.05555555555555558,1500476.7414793982,323.1
274,-0.2777777777777778,0.05555555555555558,1835185.53358281,323.2
275,-0.2777777777777778,0.05555555555555558,2176180.901089544,323.2
276,-0.2777777777777778,0.05555555555555558,20047.34435211927,348.2
277,-0.2777777777777778,0.05555555555555558,196819.318527609,348.2
278,-0.2777777777777778,0.05555555555555558,487360.01451931114,348.2
279,-0.2777777777777778,0.05555555555555558,778620.9818076823,348.2
280,-0.2777777777777778,0.05555555555555558,1068549.8210714133,348.1
281,-0.2777777777777778,0.05555555555555558,1367963.4774959304,348.1
282,-0.2777777777777778,0.05555555555555558,1652003.3263451145,348.2
283,-0.2777777777777778,0.05555555555555558,1969864.8388636597,348.2
284,-0.2777777777777778,0.16666666666666663,117756.84157851287,283.2
285,-0.2777777777777778,0.16666666666666663,639521.4260980427,283.2
286,-0.2777777777777778,0.16666666666666663,1895427.9949099275,283.2
287,-0.2777777777777778,0.16666666666666663,133981.0007931482,298.1
288,-0.2777777777777778,0.16666666666666663,592372.6390072248,298.2
289,-0.2777777777777778,0.16666666666666663,1655975.1814656963,298.2
290,-0.2777777777777778,0.16666666666666663,63902.6971114823,322.8
291,-0.2777777777777778,0.16666666666666663,522154.8088278878,323.1
292,-0.2777777777777778,0.16666666666666663,1349158.1179179586,323.1
293,-0.2777777777777778,0.16666666666666663,2264148.2325701085,323.1
294,-0.2777777777777778,0.16666666666666663,43133.83258116323,348.2
295,-0.2777777777777778,0.16666666666666663,428507.6809594062,348.2
296,-0.2777777777777778,0.16666666666666663,1084703.5764745502,348.2
297,-0.2777777777777778,0.16666666666666663,1779270.049848437,348.2
298,-0.2777777777777778,0.16666666666666663,2523709.000252203,348.1
299,-0.2777777777777778,0.2777777777777777,359982.31459309044,283.2
300,-0.2777777777777778,0.2777777777777777,373567.6639137822,298.1
301,-0.2777777777777778,0.2777777777777777,154259.71544391324,322.8
302,-0.2777777777777778,0.2777777777777777,93024.82767520689,348.2
303,-0.16666666666666669,-0.5,273.7985496439713,322.8
304,-0.16666666666666669,-0.5,405.20133737280366,348.2
305,-0.16666666666666669,-0.3888888888888889,796.5966523230434,322.8
306,-0.16666666666666669,-0.3888888888888889,930.1362923492273,348.2
307,-0.16666666666666669,-0.2777777777777778,1520.1887533570728,283.2
308,-0.16666666666666669,-0.2777777777777778,2462.16871861836,298.1
309,-0.16666666666666669,-0.2777777777777778,1936.2661261338508,322.8
310,-0.16666666666666669,-0.2777777777777778,2016.7485854358504,348.2
311,-0.16666666666666669,-0.16666666666666669,4506.8078678628935,283.2
312,-0.16666666666666669,-0.16666666666666669,570958.4617191228,283.2
313,-0.16666666666666669,-0.16666666666666669,6667.505564581116,298.1
314,-0.16666666666666669,-0.16666666666666669,4641.681834155041,322.8
315,-0.16666666666666669,-0.16666666666666669,37561.962991633205,323.1
316,-0.16666666666666669,-0.16666666666666669,94136.97983972167,323.1
317,-0.16666666666666669,-0.16666666666666669,4339.1462453508,348.2
318,-0.16666666666666669,-0.16666666666666669,42567.62715791061,348.2
319,-0.16666666666666669,-0.16666666666666669,105196.82307928815,348.2
320,-0.16666666666666669,-0.16666666666666669,229538.2578533865,348.1
321,-0.16666666666666669,-0.05555555555555558,13310.759112766153,283.2
322,-0.16666666666666669,-0.05555555555555558,70932.98577424539,283.2
323,-0.16666666666666669,-0.05555555555555558,196414.72279541832,283.2
324,-0.16666666666666669,-0.05555555555555558,341520.85927349137,283.2
325,-0.16666666666666669,-0.05555555555555558,492242.82614865055,283.2
326,-0.16666666666666669,-0.05555555555555558,624407.6647582795,283.2
327,-0.16666666666666669,-0.05555555555555558,934829.5946604447,283.2
328,-0.16666666666666669,-0.05555555555555558,18045.398814216078,298.1
329,-0.16666666666666669,-0.05555555555555558,78219.71157071993,298.2
330,-0.16666666666666669,-0.05555555555555558,205849.98659073835,298.2
331,-0.16666666666666669,-0.05555555555555558,340254.49867367634,298.2
332,-0.16666666666666669,-0.05555555555555558,471270.4954787725,298.1
333,-0.16666666666666669,-0.05555555555555558,608800.2351151841,298.1
334,-0.16666666666666669,-0.05555555555555558,753986.61293738,298.2
335,-0.16666666666666669,-0.05555555555555558,915705.0197095714,298.1
336,-0.16666666666666669,-0.05555555555555558,11109.653397159418,322.8
337,-0.16666666666666669,-0.05555555555555558,89130.40778545564,323.1
338,-0.16666666666666669,-0.05555555555555558,220637.49644390642,323.1
339,-0.16666666666666669,-0.05555555555555558,349773.22485151945,323.1
340,-0.16666666666666669,-0.05555555555555558,478159.07593283715,323.1
341,-0.16666666666666669,-0.05555555555555558,607834.8676487515,323.1
342,-0.16666666666666669,-0.05555555555555558,737750.6903242738,323.2
343,-0.16666666666666669,-0.05555555555555558,866924.5116549892,323.2
344,-0.16666666666666669,-0.05555555555555558,9324.622585507012,348.2
345,-0.16666666666666669,-0.05555555555555558,91192.93023363777,348.2
346,-0.16666666666666669,-0.05555555555555558,224314.38684744,348.2
347,-0.16666666666666669,-0.05555555555555558,355910.9645521078,348.2
348,-0.16666666666666669,-0.05555555555555558,484781.7810963228,348.1
349,-0.16666666666666669,-0.05555555555555558,615874.8949379637,348.1
350,-0.16666666666666669,-0.05555555555555558,738391.95511706,348.2
351,-0.16666666666666669,-0.05555555555555558,872568.0234135124,348.2
352,-0.16666666666666669,0.05555555555555558,39393.55335128681,283.2
353,-0.16666666666666669,0.05555555555555558,206892.59253765905,283.2
354,-0.16666666666666669,0.05555555555555558,550441.9166135907,283.2
355,-0.16666666666666669,0.05555555555555558,900535.4040344334,283.2
356,-0.16666666666666669,0.05555555555555558,1198372.5013949082,283.2
357,-0.16666666666666669,0.05555555555555558,48952.47282597994,298.1
358,-0.16666666666666669,0.05555555555555558,210844.94877844592,298.2
359,-0.16666666666666669,0.05555555555555558,546523.3599675415,298.2
360,-0.16666666666666669,0.05555555555555558,885071.7695669929,298.2
361,-0.16666666666666669,0.05555555555555558,1196244.877508473,298.1
362,-0.16666666666666669,0.05555555555555558,1498180.7456951372,298.1
363,-0.16666666666666669,0.05555555555555558,1786107.1775444346,298.2
364,-0.16666666666666669,0.05555555555555558,26607.18014273488,322.8
365,-0.16666666666666669,0.05555555555555558,213114.683990751,323.1
366,-0.16666666666666669,0.05555555555555558,527156.4798953667,323.1
367,-0.16666666666666669,0.05555555555555558,834631.1935816883,323.1
368,-0.16666666666666669,0.05555555555555558,1138983.3927440918,323.1
369,-0.16666666666666669,0.05555555555555558,1444659.9623580738,323.1
370,-0.16666666666666669,0.05555555555555558,1748434.5489699815,323.2
371,-0.16666666666666669,0.05555555555555558,2048870.5826247036,323.2
372,-0.16666666666666669,0.05555555555555558,20042.31414154106,348.2
373,-0.16666666666666669,0.05555555555555558,196327.2840852082,348.2
374,-0.16666666666666669,0.05555555555555558,484269.0406277341,348.2
375,-0.16666666666666669,0.05555555555555558,770536.9973880234,348.2
376,-0.16666666666666669,0.05555555555555558,1052918.979795447,348.1
377,-0.16666666666666669,0.05555555555555558,1341688.2773557226,348.1
378,-0.16666666666666669,0.05555555555555558,1612821.1465737496,348.2
379,-0.16666666666666669,0.05555555555555558,1912597.671096705,348.2
380,-0.16666666666666669,0.16666666666666663,117479.4900830508,283.2
381,-0.16666666666666669,0.16666666666666663,630653.3331968514,283.2
382,-0.16666666666666669,0.16666666666666663,1795166.5803613388,283.2
383,-0.16666666666666669,0.16666666666666663,133723.99764266436,298.1
384,-0.16666666666666669,0.16666666666666663,587084.7857590694,298.2
385,-0.16666666666666669,0.16666666666666663,1608219.7806768434,298.2
386,-0.16666666666666669,0.16666666666666663,63866.61476241212,322.8
387,-0.16666666666666669,0.16666666666666663,519670.7139714535,323.1
388,-0.16666666666666669,0.16666666666666663,1331361.4475921826,323.1
389,-0.16666666666666669,0.16666666666666663,2209074.3171111452,323.1
390,-0.16666666666666669,0.16666666666666663,43122.87715633708,348.2
391,-0.16666666666666669,0.16666666666666663,427402.4306683293,348.2
392,-0.16666666666666669,0.16666666666666663,1077337.490500963,348.2
393,-0.16666666666666669,0.16666666666666663,1758534.2072393897,348.2
394,-0.16666666666666669,0.16666666666666663,2479571.2226922014,348.1
395,-0.16666666666666669,0.2777777777777777,359094.67527840566,283.2
396,-0.16666666666666669,0.2777777777777777,372821.03452418506,298.1
397,-0.16666666666666669,0.2777777777777777,154170.96282999538,322.8
398,-0.16666666666666669,0.2777777777777777,93000.85727763835,348.2
399,-0.16666666666666669,0.2777777777777777,955726.1019039667,348.2
400,-0.05555555555555558,-0.5,273.5652933092979,322.8
401,-0.05555555555555558,-0.5,405.0895718171087,348.2
402,-0.05555555555555558,-0.3888888888888889,796.1558538963498,322.8
403,-0.05555555555555558,-0.3888888888888889,929.9084888462311,348.2
404,-0.05555555555555558,-0.2777777777777778,1516.7446683898474,283.2
405,-0.05555555555555558,-0.2777777777777778,2457.6656361253345,298.1
406,-0.05555555555555558,-0.2777777777777778,1935.214979794266,322.8
407,-0.05555555555555558,-0.2777777777777778,2016.2571635484242,348.2
408,-0.05555555555555558,-0.16666666666666669,4496.6026344895245,283.2
409,-0.05555555555555558,-0.16666666666666669,491632.9732416343,283.2
410,-0.05555555555555558,-0.16666666666666669,6655.234101072416,298.1
411,-0.05555555555555558,-0.16666666666666669,187499.72512899956,298.1
412,-0.05555555555555558,-0.16666666666666669,4639.146920386685,322.8
413,-0.05555555555555558,-0.16666666666666669,37397.32572155036,323.1
414,-0.05555555555555558,-0.16666666666666669,93100.93299829545,323.1
415,-0.05555555555555558,-0.16666666666666669,4338.080503622135,348.2
416,-0.05555555555555558,-0.16666666666666669,42464.82571060318,348.2
417,-0.05555555555555558,-0.16666666666666669,104565.89518790798,348.2
418,-0.05555555555555558,-0.16666666666666669,166117.50881047276,348.2
419,-0.05555555555555558,-0.16666666666666669,226504.94209611646,348.1
420,-0.05555555555555558,-0.05555555555555558,13280.366577087869,283.2
421,-0.05555555555555558,-0.05555555555555558,70050.71662607403,283.2
422,-0.05555555555555558,-0.05555555555555558,189396.28092241954,283.2
423,-0.05555555555555558,-0.05555555555555558,319841.0797843344,283.2
424,-0.05555555555555558,-0.05555555555555558,447291.36064992327,283.2
425,-0.05555555555555558,-0.05555555555555558,553600.5579675755,283.2
426,-0.05555555555555558,-0.05555555555555558,795957.3263312237,283.2
427,-0.05555555555555558,-0.05555555555555558,18011.86699501193,298.1
428,-0.05555555555555558,-0.05555555555555558,77580.88567526826,298.2
429,-0.05555555555555558,-0.05555555555555558,201281.70863067548,298.2
430,-0.05555555555555558,-0.05555555555555558,327436.78779041185,298.2
431,-0.05555555555555558,-0.05555555555555558,446141.09562675405,298.1
432,-0.05555555555555558,-0.05555555555555558,566391.1007287076,298.1
433,-0.05555555555555558,-0.05555555555555558,688947.0746335108,298.2
434,-0.05555555555555558,-0.05555555555555558,820196.994806594,298.1
435,-0.05555555555555558,-0.05555555555555558,11103.528602798928,322.8
436,-0.05555555555555558,-0.05555555555555558,88733.79583633112,323.1
437,-0.05555555555555558,-0.05555555555555558,218151.0626080468,323.1
438,-0.05555555555555558,-0.05555555555555558,343393.39232351223,323.1
439,-0.05555555555555558,-0.05555555555555558,466008.0912426344,323.1
440,-0.05555555555555558,-0.05555555555555558,587855.7516529636,323.1
441,-0.05555555555555558,-0.05555555555555558,707940.2660474908,323.2
442,-0.05555555555555558,-0.05555555555555558,825197.3750148006,323.2
443,-0.05555555555555558,-0.05555555555555558,9322.30870025362,348.2
444,-0.05555555555555558,-0.05555555555555558,90969.40638694164,348.2
445,-0.05555555555555558,-0.05555555555555558,222939.90160706273,348.2
446,-0.05555555555555558,-0.05555555555555558,352396.704030654,348.2
447,-0.05555555555555558,-0.05555555555555558,478150.2390627841,348.1
448,-0.05555555555555558,-0.05555555555555558,605016.5950550085,348.1
449,-0.05555555555555558,-0.05555555555555558,722617.0048515546,348.2
450,-0.05555555555555558,-0.05555555555555558,850236.6958812394,348.2
451,-0.05555555555555558,0.05555555555555558,39302.55785681791,283.2
452,-0.05555555555555558,0.05555555555555558,204243.81411831736,283.2
453,-0.05555555555555558,0.05555555555555558,529437.6895008216,283.2
454,-0.05555555555555558,0.05555555555555558,837089.1426983491,283.2
455,-0.05555555555555558,0.05555555555555558,1073046.1250456944,283.2
456,-0.05555555555555558,0.05555555555555558,48860.379984730745,298.1
457,-0.05555555555555558,0.05555555555555558,209077.0513352666,298.2
458,-0.05555555555555558,0.05555555555555558,533685.7894490678,298.2
459,-0.05555555555555558,0.05555555555555558,848595.9155008332,298.2
460,-0.05555555555555558,0.05555555555555558,1124153.134966834,298.1
461,-0.05555555555555558,0.05555555555555558,1376232.0786176645,298.1
462,-0.05555555555555558,0.05555555555555558,1600015.276485538,298.2
463,-0.05555555555555558,0.05555555555555558,26592.352106051676,322.8
464,-0.05555555555555558,0.05555555555555558,212144.41407723023,323.1
465,-0.05555555555555558,0.05555555555555558,520947.2786491127,323.1
466,-0.05555555555555558,0.05555555555555558,818358.7001676736,323.1
467,-0.05555555555555558,0.05555555555555558,1107296.9663026019,323.1
468,-0.05555555555555558,0.05555555555555558,1391308.2068121242,323.1
469,-0.05555555555555558,0.05555555555555558,1666809.7323136206,323.2
470,-0.05555555555555558,0.05555555555555558,1931419.0838782135,323.2
471,-0.05555555555555558,0.05555555555555558,20037.28515925157,348.2
472,-0.05555555555555558,0.05555555555555558,195836.46664904561,348.2
473,-0.05555555555555558,0.05555555555555558,481198.0292136161,348.2
474,-0.05555555555555558,0.05555555555555558,762541.0477363169,348.2
475,-0.05555555555555558,0.05555555555555558,1037535.4604137047,348.1
476,-0.05555555555555558,0.05555555555555558,1315977.3181844596,348.1
477,-0.05555555555555558,0.05555555555555558,1574712.3872150043,348.2
478,-0.05555555555555558,0.05555555555555558,1857328.8748643734,348.2
479,-0.05555555555555558,0.16666666666666663,117202.79260545543,283.2
480,-0.05555555555555558,0.16666666666666663,621920.2762583427,283.2
481,-0.05555555555555558,0.16666666666666663,1703382.5491146452,283.2
482,-0.05555555555555558,0.16666666666666663,133467.48658911447,298.1
483,-0.05555555555555558,0.16666666666666663,581847.4304290337,298.2
484,-0.05555555555555558,0.16666666666666663,1562302.4069738449,298.2
485,-0.05555555555555558,0.16666666666666663,63830.55240363066,322.8
486,-0.05555555555555558,0.16666666666666663,517198.85799021483,323.1
487,-0.05555555555555558,0.16666666666666663,1313837.7496547948,323.1
488,-0.05555555555555558,0.16666666666666663,2155850.805887887,323.1
489,-0.05555555555555558,0.16666666666666663,43111.924433015294,348.2
490,-0.05555555555555558,0.16666666666666663,426300.0523452853,348.2
491,-0.05555555555555558,0.16666666666666663,1070025.382792158,348.2
492,-0.05555555555555558,0.16666666666666663,1738081.658836946,348.2
493,-0.05555555555555558,0.16666666666666663,2436438.7080195467,348.1
494,-0.05555555555555558,0.16666666666666663,3208990.7476241956,348.1
495,-0.05555555555555558,0.2777777777777777,358209.3126423462,283.2
496,-0.05555555555555558,0.2777777777777777,372075.9434181695,298.1
497,-0.05555555555555558,0.2777777777777777,154082.2606460098,322.8
498,-0.05555555555555558,0.2777777777777777,92976.89287865904,348.2
499,-0.05555555555555558,0.2777777777777777,953106.7388655461,348.2
500,0.05555555555555558,-0.5,273.33225390952657,322.8
501,0.05555555555555558,-0.5,404.97782681337173,348.2
502,0.05555555555555558,-0.3888888888888889,795.7152822527553,322.8
503,0.05555555555555558,-0.3888888888888889,929.6807403355797,348.2
504,0.05555555555555558,-0.2777777777777778,1513.3081962134995,283.2
505,0.05555555555555558,-0.2777777777777778,2453.1706858731695,298.1
506,0.05555555555555558,-0.2777777777777778,1934.1643939494936,322.8
507,0.05555555555555558,-0.2777777777777778,15740.727312257015,323.1
508,0.05555555555555558,-0.2777777777777778,2015.7658597845593,348.2
509,0.05555555555555558,-0.16666666666666669,4486.42029428777,283.2
510,0.05555555555555558,-0.16666666666666669,424565.3384189439,283.2
511,0.05555555555555558,-0.16666666666666669,6642.985036492636,298.1
512,0.05555555555555558,-0.16666666666666669,4636.613369714758,322.8
513,0.05555555555555558,-0.16666666666666669,37233.40341819308,323.1
514,0.05555555555555558,-0.16666666666666669,92076.27549124054,323.1
515,0.05555555555555558,-0.16666666666666669,4337.015019141001,348.2
516,0.05555555555555558,-0.16666666666666669,42362.26906744591,348.2
517,0.05555555555555558,-0.16666666666666669,103938.72241030938,348.2
518,0.05555555555555558,-0.16666666666666669,223511.95839457895,348.1
519,0.05555555555555558,-0.05555555555555558,13250.042746456917,283.2
520,0.05555555555555558,-0.05555555555555558,69179.42957238907,283.2
521,0.05555555555555558,-0.05555555555555558,182634.40965080424,283.2
522,0.05555555555555558,-0.05555555555555558,681102.2274051722,283.2
523,0.05555555555555558,-0.05555555555555558,17978.396731493584,298.1
524,0.05555555555555558,-0.05555555555555558,76947.26563401212,298.2
525,0.05555555555555558,-0.05555555555555558,196816.5717615674,298.2
526,0.05555555555555558,-0.05555555555555558,315120.3947318702,298.2
527,0.05555555555555558,-0.05555555555555558,11097.407126868875,322.8
528,0.05555555555555558,-0.05555555555555558,88338.93500604494,323.1
529,0.05555555555555558,-0.05555555555555558,215692.88073423962,323.1
530,0.05555555555555558,-0.05555555555555558,337132.76424551016,323.1
531,0.05555555555555558,-0.05555555555555558,454178.4662457094,323.1
532,0.05555555555555558,-0.05555555555555558,568571.1546210656,323.1
533,0.05555555555555558,-0.05555555555555558,679424.3731000328,323.2
534,0.05555555555555558,-0.05555555555555558,785663.6527659385,323.2
535,0.05555555555555558,-0.05555555555555558,9319.995375925992,348.2
536,0.05555555555555558,-0.05555555555555558,90746.42211339754,348.2
537,0.05555555555555558,-0.05555555555555558,221573.82168869802,348.2
538,0.05555555555555558,-0.05555555555555558,348917.5347633701,348.2
539,0.05555555555555558,-0.05555555555555558,471611.6471984893,348.1
540,0.05555555555555558,-0.05555555555555558,594357.0937954485,348.1
541,0.05555555555555558,-0.05555555555555558,707196.434277312,348.2
542,0.05555555555555558,-0.05555555555555558,828514.7383819665,348.2
543,0.05555555555555558,0.05555555555555558,39211.7708088315,283.2
544,0.05555555555555558,0.05555555555555558,201629.59466715416,283.2
545,0.05555555555555558,0.05555555555555558,509299.26769601455,283.2
546,0.05555555555555558,0.05555555555555558,778777.6962181965,283.2
547,0.05555555555555558,0.05555555555555558,963577.8508698122,283.2
548,0.05555555555555558,0.05555555555555558,1058963.9233778368,283.2
549,0.05555555555555558,0.05555555555555558,48768.45860137441,298.1
550,0.05555555555555558,0.05555555555555558,207324.16569608144,298.2
551,0.05555555555555558,0.05555555555555558,521169.2914802479,298.2
552,0.05555555555555558,0.05555555555555558,813808.9985098168,298.2
553,0.05555555555555558,0.05555555555555558,1057204.3922577926,298.1
554,0.05555555555555558,0.05555555555555558,1266669.130352874,298.1
555,0.05555555555555558,0.05555555555555558,1439390.8363265127,298.2
556,0.05555555555555558,0.05555555555555558,1573118.0983992997,298.1
557,0.05555555555555558,0.05555555555555558,26577.53217396963,322.8
558,0.05555555555555558,0.05555555555555558,211178.57066459896,323.1
559,0.05555555555555558,0.05555555555555558,514814.1830245163,323.1
560,0.05555555555555558,0.05555555555555558,802429.4846005564,323.1
561,0.05555555555555558,0.05555555555555558,1076604.091775138,323.1
562,0.05555555555555558,0.05555555555555558,1340275.7499719886,323.1
563,0.05555555555555558,0.05555555555555558,1589879.8919199973,323.2
564,0.05555555555555558,0.05555555555555558,1822673.295621235,323.2
565,0.05555555555555558,0.05555555555555558,20032.257405070774,348.2
566,0.05555555555555558,0.05555555555555558,195346.86341912995,348.2
567,0.05555555555555558,0.05555555555555558,478146.8427168121,348.2
568,0.05555555555555558,0.05555555555555558,754632.056016526,348.2
569,0.05555555555555558,0.05555555555555558,1022394.6440322127,348.1
570,0.05555555555555558,0.05555555555555558,1290815.5727246108,348.1
571,0.05555555555555558,0.05555555555555558,1537638.879355844,348.2
572,0.05555555555555558,0.05555555555555558,1803963.3578614767,348.2
573,0.05555555555555558,0.16666666666666663,116926.7475694676,283.2
574,0.05555555555555558,0.16666666666666663,613319.7789008591,283.2
575,0.05555555555555558,0.16666666666666663,1618735.7544879878,283.2
576,0.05555555555555558,0.16666666666666663,133211.46667147486,298.1
577,0.05555555555555558,0.16666666666666663,576660.0151740627,298.2
578,0.05555555555555558,0.16666666666666663,1518111.6127307685,298.2
579,0.05555555555555558,0.16666666666666663,63794.51002411105,322.8
580,0.05555555555555558,0.16666666666666663,514739.1728857805,323.1
581,0.05555555555555558,0.16666666666666663,1296581.485934895,323.1
582,0.05555555555555558,0.16666666666666663,2104376.074649885,323.1
583,0.05555555555555558,0.16666666666666663,43100.974410605144,348.2
584,0.05555555555555558,0.16666666666666663,425200.53811490117,348.2
585,0.05555555555555558,0.16666666666666663,1062766.7834072704,348.2
586,0.05555555555555558,0.16666666666666663,1717907.2107048407,348.2
587,0.05555555555555558,0.16666666666666663,2394276.4961104197,348.1
588,0.05555555555555558,0.16666666666666663,3130025.67823887,348.1
589,0.05555555555555558,0.2777777777777777,357326.2202436807,283.2
590,0.05555555555555558,0.2777777777777777,371332.38714345184,298.1
591,0.05555555555555558,0.2777777777777777,153993.6088681865,322.8
592,0.05555555555555558,0.2777777777777777,92952.93447679508,348.2
593,0.05555555555555558,0.2777777777777777,950494.9870596216,348.2
594,0.16666666666666663,-0.5,404.8661026981864,348.2
595,0.16666666666666663,-0.3888888888888889,892.6453630367772,298.1
596,0.16666666666666663,-0.3888888888888889,795.2749400081985,322.8
597,0.16666666666666663,-0.3888888888888889,929.4530468988294,348.2
598,0.16666666666666663,-0.2777777777777778,1509.879363254459,283.2
599,0.16666666666666663,-0.2777777777777778,2448.6838591132787,298.1
600,0.16666666666666663,-0.2777777777777778,1933.114368568697,322.8
601,0.16666666666666663,-0.2777777777777778,15672.550431984697,323.1
602,0.16666666666666663,-0.2777777777777778,2015.274672787819,348.2
603,0.16666666666666663,-0.16666666666666669,4476.260786236824,283.2
604,0.16666666666666663,-0.16666666666666669,8763741.234231528,283.2
605,0.16666666666666663,-0.16666666666666669,6630.7582324797995,298.1
606,0.16666666666666663,-0.16666666666666669,28630.791748321422,298.2
607,0.16666666666666663,-0.16666666666666669,168951.1063898552,298.1
608,0.16666666666666663,-0.16666666666666669,4634.081182813831,322.8
609,0.16666666666666663,-0.16666666666666669,37070.193003367465,323.1
610,0.16666666666666663,-0.16666666666666669,4335.949790521843,348.2
611,0.16666666666666663,-0.16666666666666669,42259.95646313071,348.2
612,0.16666666666666663,-0.16666666666666669,103315.28251887749,348.2
613,0.16666666666666663,-0.16666666666666669,162942.9247326265,348.2
614,0.16666666666666663,-0.16666666666666669,220558.7623189673,348.1
615,0.16666666666666663,-0.05555555555555558,13219.787279819175,283.2
616,0.16666666666666663,-0.05555555555555558,68318.98656844925,283.2
617,0.16666666666666663,-0.05555555555555558,176119.29284529883,283.2
618,0.16666666666666663,-0.05555555555555558,585276.6571462326,283.2
619,0.16666666666666663,-0.05555555555555558,17944.988051591095,298.1
620,0.16666666666666663,-0.05555555555555558,76318.80872586835,298.2
621,0.16666666666666663,-0.05555555555555558,192452.15225748613,298.2
622,0.16666666666666663,-0.05555555555555558,303284.2473181534,298.2
623,0.16666666666666663,-0.05555555555555558,11091.288967624465,322.8
624,0.16666666666666663,-0.05555555555555558,87945.81754648982,323.1
625,0.16666666666666663,-0.05555555555555558,213262.62000245776,323.1
626,0.16666666666666663,-0.05555555555555558,330988.9824964387,323.1
627,0.16666666666666663,-0.05555555555555558,442660.9688641302,323.1
628,0.16666666666666663,-0.05555555555555558,549954.1924828225,323.1
629,0.16666666666666663,-0.05555555555555558,652138.9212188487,323.2
630,0.16666666666666663,-0.05555555555555558,9317.682612222208,348.2
631,0.16666666666666663,-0.05555555555555558,90523.97667630836,348.2
632,0.16666666666666663,-0.05555555555555558,220216.0947523273,348.2
633,0.16666666666666663,-0.05555555555555558,345473.091490087,348.2
634,0.16666666666666663,-0.05555555555555558,465164.6166677767,348.1
635,0.16666666666666663,-0.05555555555555558,583892.4245301442,348.1
636,0.16666666666666663,-0.05555555555555558,692121.3924446855,348.2
637,0.16666666666666663,-0.05555555555555558,807383.26532012,348.2
638,0.16666666666666663,0.05555555555555558,39121.191730427185,283.2
639,0.16666666666666663,0.05555555555555558,199049.46038230474,283.2
640,0.16666666666666663,0.05555555555555558,489985.3260817899,283.2
641,0.16666666666666663,0.05555555555555558,725077.5268823066,283.2
642,0.16666666666666663,0.05555555555555558,867299.405648338,283.2
643,0.16666666666666663,0.05555555555555558,928470.5970549928,283.2
644,0.16666666666666663,0.05555555555555558,2179342.8306433153,283.2
645,0.16666666666666663,0.05555555555555558,48676.70835743924,298.1
646,0.16666666666666663,0.05555555555555558,205586.15902353398,298.2
647,0.16666666666666663,0.05555555555555558,508964.7398066389,298.2
648,0.16666666666666663,0.05555555555555558,780614.6091938221,298.2
649,0.16666666666666663,0.05555555555555558,994914.6462984744,298.1
650,0.16666666666666663,0.05555555555555558,1167735.818660166,298.1
651,0.16666666666666663,0.05555555555555558,1299153.6873205963,298.2
652,0.16666666666666663,0.05555555555555558,1388276.982329456,298.1
653,0.16666666666666663,0.05555555555555558,26562.72034220216,322.8
654,0.16666666666666663,0.05555555555555558,210217.13298504244,323.1
655,0.16666666666666663,0.05555555555555558,508756.1666286206,323.1
656,0.16666666666666663,0.05555555555555558,786835.0502234881,323.1
657,0.16666666666666663,0.05555555555555558,1046865.911217839,323.1
658,0.16666666666666663,0.05555555555555558,1291429.2158022479,323.1
659,0.16666666666666663,0.05555555555555558,1517267.5001637542,323.2
660,0.16666666666666663,0.05555555555555558,1721683.546450759,323.2
661,0.16666666666666663,0.05555555555555558,20027.230878641316,348.2
662,0.16666666666666663,0.05555555555555558,194858.47152454237,348.2
663,0.16666666666666663,0.05555555555555558,475115.344664916,348.2
664,0.16666666666666663,0.05555555555555558,746808.9617057585,348.2
665,0.16666666666666663,0.05555555555555558,1007492.0236390923,348.1
666,0.16666666666666663,0.05555555555555558,1266188.555584084,348.1
667,0.16666666666666663,0.05555555555555558,1501564.3623330249,348.2
668,0.16666666666666663,0.05555555555555558,1752412.5921863073,348.2
669,0.16666666666666663,0.16666666666666663,116651.35340297133,283.2
670,0.16666666666666663,0.16666666666666663,604849.4249644428,283.2
671,0.16666666666666663,0.16666666666666663,1540233.9945636338,283.2
672,0.16666666666666663,0.16666666666666663,2311766.169976734,283.2
673,0.16666666666666663,0.16666666666666663,132955.9369307969,298.1
674,0.16666666666666663,0.16666666666666663,571521.9899763911,298.2
675,0.16666666666666663,0.16666666666666663,1475546.7456001635,298.2
676,0.16666666666666663,0.16666666666666663,2389399.943424944,298.2
677,0.16666666666666663,0.16666666666666663,63758.487612858,322.8
678,0.16666666666666663,0.16666666666666663,512291.60064192367,323.1
679,0.16666666666666663,0.16666666666666663,1279587.280143642,323.1
680,0.16666666666666663,0.16666666666666663,2054557.5175089722,323.1
681,0.16666666666666663,0.16666666666666663,2870150.796289732,323.1
682,0.16666666666666663,0.16666666666666663,43090.02708842848,348.2
683,0.16666666666666663,0.16666666666666663,424103.88012615073,348.2
684,0.16666666666666663,0.16666666666666663,1055561.227765974,348.2
685,0.16666666666666663,0.16666666666666663,1698005.8070562491,348.2
686,0.16666666666666663,0.16666666666666663,2353051.5214152336,348.1
687,0.16666666666666663,0.16666666666666663,3053905.7594820578,348.1
688,0.16666666666666663,0.2777777777777777,356445.3916629278,283.2
689,0.16666666666666663,0.2777777777777777,370590.36225698475,298.1
690,0.16666666666666663,0.2777777777777777,153905.00746618255,322.8
691,0.16666666666666663,0.2777777777777777,92928.98207057732,348.2
692,0.16666666666666663,0.2777777777777777,947890.818428774,348.2
693,0.2777777777777777,-0.5,404.75440359909567,348.2
694,0.2777777777777777,-0.3888888888888889,890.9828195644163,298.1
695,0.2777777777777777,-0.3888888888888889,794.8348259705815,322.8
696,0.2777777777777777,-0.3888888888888889,929.2254048377627,348.2
697,0.2777777777777777,-0.2777777777777778,1506.458106693135,283.2
698,0.2777777777777777,-0.2777777777777778,2444.205156289887,298.1
699,0.2777777777777777,-0.2777777777777778,1932.0649040218384,322.8
700,0.2777777777777777,-0.2777777777777778,2014.7836032161754,348.2
701,0.2777777777777777,-0.16666666666666669,4466.124065069156,283.2
702,0.2777777777777777,-0.16666666666666669,6618.553723605809,298.1
703,0.2777777777777777,-0.16666666666666669,1268901962.0559828,298.1
704,0.2777777777777777,-0.16666666666666669,4631.550357862099,322.8
705,0.2777777777777777,-0.16666666666666669,36907.691411286396,323.1
706,0.2777777777777777,-0.16666666666666669,4334.884818733178,348.2
707,0.2777777777777777,-0.16666666666666669,42157.88738343033,348.2
708,0.2777777777777777,-0.16666666666666669,102695.55319073633,348.2
709,0.2777777777777777,-0.16666666666666669,161378.4357524188,348.2
710,0.2777777777777777,-0.05555555555555558,13189.600109707151,283.2
711,0.2777777777777777,-0.05555555555555558,67469.2513606755,283.2
712,0.2777777777777777,-0.05555555555555558,17911.640431265077,298.1
713,0.2777777777777777,-0.05555555555555558,75695.47259078585,298.2
714,0.2777777777777777,-0.05555555555555558,188186.08847499997,298.2
715,0.2777777777777777,-0.05555555555555558,291908.28541001293,298.2
716,0.2777777777777777,-0.05555555555555558,11085.17412316728,322.8
717,0.2777777777777777,-0.05555555555555558,87554.43574901995,323.1
718,0.2777777777777777,-0.05555555555555558,210859.95377040035,323.1
719,0.2777777777777777,-0.05555555555555558,324959.74155000335,323.1
720,0.2777777777777777,-0.05555555555555558,431446.6762577632,323.1
721,0.2777777777777777,-0.05555555555555558,531979.2341322008,323.1
722,0.2777777777777777,-0.05555555555555558,9315.370409128418,348.2
723,0.2777777777777777,-0.05555555555555558,90302.06723588664,348.2
724,0.2777777777777777,-0.05555555555555558,218866.66880458078,348.2
725,0.2777777777777777,-0.05555555555555558,342063.01315364067,348.2
726,0.2777777777777777,-0.05555555555555558,458807.78235876653,348.1
727,0.2777777777777777,-0.05555555555555558,573618.7139073057,348.1
728,0.2777777777777777,-0.05555555555555558,677383.2954462747,348.2
729,0.2777777777777777,-0.05555555555555558,786824.1161827111,348.2
730,0.2777777777777777,0.05555555555555558,39030.82014579569,283.2
731,0.2777777777777777,0.05555555555555558,196502.9446582684,283.2
732,0.2777777777777777,0.05555555555555558,471457.02282353526,283.2
733,0.2777777777777777,0.05555555555555558,675537.2883043964,283.2
734,0.2777777777777777,0.05555555555555558,782163.0416516237,283.2
735,0.2777777777777777,0.05555555555555558,816895.2106375664,283.2
736,0.2777777777777777,0.05555555555555558,48585.128935052926,298.1
737,0.2777777777777777,0.05555555555555558,203862.89976856578,298.2
738,0.2777777777777777,0.05555555555555558,497063.3290242367,298.2
739,0.2777777777777777,0.05555555555555558,748923.7229229438,298.2
740,0.2777777777777777,0.05555555555555558,936863.9273357264,298.1
741,0.2777777777777777,0.05555555555555558,1078033.9512393442,298.1
742,0.2777777777777777,0.05555555555555558,1175683.4927560308,298.2
743,0.2777777777777777,0.05555555555555558,1230624.7328998374,298.1
744,0.2777777777777777,0.05555555555555558,26547.91660632483,322.8
745,0.2777777777777777,0.05555555555555558,209260.0803729048,323.1
746,0.2777777777777777,0.05555555555555558,502772.21954008174,323.1
747,0.2777777777777777,0.05555555555555558,771567.1708348474,323.1
748,0.2777777777777777,0.05555555555555558,1018045.6362462238,323.1
749,0.2777777777777777,0.05555555555555558,1244646.1316188846,323.1
750,0.2777777777777777,0.05555555555555558,1448639.506810535,323.2
751,0.2777777777777777,0.05555555555555558,1627654.8300191835,323.2
752,0.2777777777777777,0.05555555555555558,20022.20557971184,348.2
753,0.2777777777777777,0.05555555555555558,194371.28863112594,348.2
754,0.2777777777777777,0.05555555555555558,472103.39966277755,348.2
755,0.2777777777777777,0.05555555555555558,739070.7200814452,348.2
756,0.2777777777777777,0.05555555555555558,992823.2004749408,348.1
757,0.2777777777777777,0.05555555555555558,1242082.2981352077,348.1
758,0.2777777777777777,0.05555555555555558,1466454.3522416044,348.2
759,0.2777777777777777,0.05555555555555558,1702593.987931153,348.2
760,0.2777777777777777,0.16666666666666663,116376.60853768865,283.2
761,0.2777777777777777,0.16666666666666663,596506.8565072096,283.2
762,0.2777777777777777,0.16666666666666663,1467110.327334713,283.2
763,0.2777777777777777,0.16666666666666663,101372346.87215482,283.2
764,0.2777777777777777,0.16666666666666663,132700.89641002569,298.1
765,0.2777777777777777,0.16666666666666663,566432.8124967593,298.2
766,0.2777777777777777,0.16666666666666663,1434516.455316645,298.2
767,0.2777777777777777,0.16666666666666663,2249585.5355222565,298.2
768,0.2777777777777777,0.16666666666666663,63722.48515889795,322.8
769,0.2777777777777777,0.16666666666666663,509856.0694850023,323.1
770,0.2777777777777777,0.16666666666666663,1262849.9112123451,323.1
771,0.2777777777777777,0.16666666666666663,2006310.3997026181,323.1
772,0.2777777777777777,0.16666666666666663,2761368.7403674116,323.1
773,0.2777777777777777,0.16666666666666663,43079.08246585807,348.2
774,0.2777777777777777,0.16666666666666663,423010.0705522945,348.2
775,0.2777777777777777,0.16666666666666663,1048408.2565677948,348.2
776,0.2777777777777777,0.16666666666666663,1678372.5251040375,348.2
777,0.2777777777777777,0.16666666666666663,2312732.4676477555,348.1
778,0.2777777777777777,0.16666666666666663,2980455.0693877786,348.1
779,0.2777777777777777,0.2777777777777777,355566.8205022865,283.2
780,0.2777777777777777,0.2777777777777777,369849.865324649,298.1
781,0.2777777777777777,0.2777777777777777,153816.4564142901,322.8
782,0.2777777777777777,0.2777777777777777,92905.03565847427,348.2
783,0.2777777777777777,0.2777777777777777,945294.2074982185,348.2
784,0.38888888888888884,-0.5,1483614565.042442,283.2
785,0.38888888888888884,-0.5,404.64272255847857,348.2
786,0.38888888888888884,-0.3888888888888889,889.3231935375263,298.1
787,0.38888888888888884,-0.3888888888888889,794.39493838232,322.8
788,0.38888888888888884,-0.3888888888888889,928.9978174994684,348.2
789,0.38888888888888884,-0.2777777777777778,1503.0444299834821,283.2
790,0.38888888888888884,-0.2777777777777778,2439.7345338790888,298.1
791,0.38888888888888884,-0.2777777777777778,1931.0159999781195,322.8
792,0.38888888888888884,-0.2777777777777778,2014.2926510599586,348.2
793,0.38888888888888884,-0.16666666666666669,4456.010058981888,283.2
794,0.38888888888888884,-0.16666666666666669,6606.3714146761085,298.1
795,0.38888888888888884,-0.16666666666666669,190535.0301672535,298.1
796,0.38888888888888884,-0.16666666666666669,4629.020894924457,322.8
797,0.38888888888888884,-0.16666666666666669,36745.89558873309,323.1
798,0.38888888888888884,-0.16666666666666669,4333.8201031281515,348.2
799,0.38888888888888884,-0.16666666666666669,42056.060945540165,348.2
800,0.38888888888888884,-0.16666666666666669,102079.51248284118,348.2
801,0.38888888888888884,-0.16666666666666669,159828.95289181542,348.2
802,0.38888888888888884,-0.05555555555555558,13159.478508760854,283.2
803,0.38888888888888884,-0.05555555555555558,66630.08946152765,283.2
804,0.38888888888888884,-0.05555555555555558,17878.354355728647,298.1
805,0.38888888888888884,-0.05555555555555558,75077.2152266892,298.2
806,0.38888888888888884,-0.05555555555555558,184016.0789886765,298.2
807,0.38888888888888884,-0.05555555555555558,358957.9654954956,298.1
808,0.38888888888888884,-0.05555555555555558,11079.062590350712,322.8
809,0.38888888888888884,-0.05555555555555558,87164.78193668662,323.1
810,0.38888888888888884,-0.05555555555555558,208484.55951330534,323.1
811,0.38888888888888884,-0.05555555555555558,319042.78691933816,323.1
812,0.38888888888888884,-0.05555555555555558,420526.9622163294,323.1
813,0.38888888888888884,-0.05555555555555558,514621.8270909568,323.1
814,0.38888888888888884,-0.05555555555555558,9313.058766602397,348.2
815,0.38888888888888884,-0.05555555555555558,90080.69399569609,348.2
816,0.38888888888888884,-0.05555555555555558,217525.4921961979,348.2
817,0.38888888888888884,-0.05555555555555558,338686.94284262,348.2
818,0.38888888888888884,-0.05555555555555558,452539.80238843616,348.1
819,0.38888888888888884,-0.05555555555555558,563532.1790852522,348.1
820,0.38888888888888884,-0.05555555555555558,662973.8163011734,348.2
821,0.38888888888888884,-0.05555555555555558,766819.8194237595,348.2
822,0.38888888888888884,0.05555555555555558,38940.655580308536,283.2
823,0.38888888888888884,0.05555555555555558,193989.58795664247,283.2
824,0.38888888888888884,0.05555555555555558,453677.8033567106,283.2
825,0.38888888888888884,0.05555555555555558,629764.5121699533,283.2
826,0.38888888888888884,0.05555555555555558,706552.3562424916,283.2
827,0.38888888888888884,0.05555555555555558,9509396.444272913,283.2
828,0.38888888888888884,0.05555555555555558,202154.25765579933,298.2
829,0.38888888888888884,0.05555555555555558,485456.5598704324,298.2
830,0.38888888888888884,0.05555555555555558,718653.9343037809,298.2
831,0.38888888888888884,0.05555555555555558,882684.7998457396,298.1
832,0.38888888888888884,0.05555555555555558,996425.7004322798,298.1
833,0.38888888888888884,0.05555555555555558,1066273.1338367178,298.2
834,0.38888888888888884,0.05555555555555558,26533.120962020686,322.8
835,0.38888888888888884,0.05555555555555558,208307.39226615825,323.1
836,0.38888888888888884,0.05555555555555558,496861.34800622315,323.1
837,0.38888888888888884,0.05555555555555558,756617.8792338914,323.1
838,0.38888888888888884,0.05555555555555558,990108.3974541092,323.1
839,0.38888888888888884,0.05555555555555558,1199813.7004278346,323.1
840,0.38888888888888884,0.05555555555555558,1383700.136106783,323.2
841,0.38888888888888884,0.05555555555555558,1539912.5202825463,323.2
842,0.38888888888888884,0.05555555555555558,20017.18150792549,348.2
843,0.38888888888888884,0.05555555555555558,193885.30980311954,348.2
844,0.38888888888888884,0.05555555555555558,469110.8733819176,348.2
845,0.38888888888888884,0.05555555555555558,731416.3020012175,348.2
846,0.38888888888888884,0.05555555555555558,978383.880555232,348.1
847,0.38888888888888884,0.05555555555555558,1218483.323263002,348.1
848,0.38888888888888884,0.05555555555555558,1432276.0224758892,348.2
849,0.38888888888888884,0.05555555555555558,1654430.343240408,348.2
850,0.38888888888888884,0.16666666666666663,116102.51140946879,283.2
851,0.38888888888888884,0.16666666666666663,588289.7718891453,283.2
852,0.38888888888888884,0.16666666666666663,1398752.8637202492,283.2
853,0.38888888888888884,0.16666666666666663,132446.344154131,298.1
854,0.38888888888888884,0.16666666666666663,561391.9479314911,298.2
855,0.38888888888888884,0.16666666666666663,1394937.4665331875,298.2
856,0.38888888888888884,0.16666666666666663,2123813.6857391815,298.2
857,0.38888888888888884,0.16666666666666663,63686.502651241535,322.8
858,0.38888888888888884,0.16666666666666663,507432.51505439094,323.1
859,0.38888888888888884,0.16666666666666663,1246364.3069903029,323.1
860,0.38888888888888884,0.16666666666666663,1959556.9156824788,323.1
861,0.38888888888888884,0.16666666666666663,2659253.868442129,323.1
862,0.38888888888888884,0.16666666666666663,43068.14054216621,348.2
863,0.38888888888888884,0.16666666666666663,421919.10159078654,348.2
864,0.38888888888888884,0.16666666666666663,1041307.415710713,348.2
865,0.38888888888888884,0.16666666666666663,1659002.570158555,348.2
866,0.38888888888888884,0.16666666666666663,2273289.6368804756,348.1
867,0.38888888888888884,0.16666666666666663,2909515.2728653764,348.1
868,0.38888888888888884,0.16666666666666663,3521050.910309788,348.2
869,0.38888888888888884,0.2777777777777777,354690.5003856755,283.2
870,0.38888888888888884,0.2777777777777777,369110.8929215344,298.1
871,0.38888888888888884,0.2777777777777777,153727.95568350592,322.8
872,0.38888888888888884,0.2777777777777777,92881.09523904006,348.2
873,0.38888888888888884,0.2777777777777777,942705.1309024291,348.2
874,0.5,-0.5,404.5310684108249,348.2
875,0.5,-0.3888888888888889,99668.6293098203,283.2
876,0.5,-0.3888888888888889,887.6664477869637,298.1
877,0.5,-0.3888888888888889,793.9552796254123,322.8
878,0.5,-0.3888888888888889,928.7702829158951,348.2
879,0.5,-0.2777777777777778,1499.6383126228143,283.2
880,0.5,-0.2777777777777778,155359.93670787476,283.2
881,0.5,-0.2777777777777778,2435.271999401726,298.1
882,0.5,-0.2777777777777778,1929.9676550816278,322.8
883,0.5,-0.2777777777777778,2013.8018161046066,348.2
884,0.5,-0.16666666666666669,4445.918774086287,283.2
885,0.5,-0.16666666666666669,154078.13704251064,283.2
886,0.5,-0.16666666666666669,6594.2113056440385,298.1
887,0.5,-0.16666666666666669,4626.49294133704,322.8
888,0.5,-0.16666666666666669,36584.80249568342,323.1
889,0.5,-0.16666666666666669,88089.03463179522,323.1
890,0.5,-0.16666666666666669,4332.755644116513,348.2
891,0.5,-0.16666666666666669,41954.477019293205,348.2
892,0.5,-0.05555555555555558,13129.431626427882,283.2
893,0.5,-0.05555555555555558,65801.36812532661,283.2
894,0.5,-0.05555555555555558,231131.66998953745,283.2
895,0.5,-0.05555555555555558,309738.462007248,283.2
896,0.5,-0.05555555555555558,17845.129609252428,298.1
897,0.5,-0.05555555555555558,74463.99498598112,298.2
898,0.5,-0.05555555555555558,179939.88083400618,298.2
899,0.5,-0.05555555555555558,11072.954371891674,322.8
900,0.5,-0.05555555555555558,86776.84846728327,323.1
901,0.5,-0.05555555555555558,206136.11876461073,323.1
902,0.5,-0.05555555555555558,313235.9138340067,323.1
903,0.5,-0.05555555555555558,409893.48490011314,323.1
904,0.5,-0.05555555555555558,577081.3421480599,323.2
905,0.5,-0.05555555555555558,9310.747675213399,348.2
906,0.5,-0.05555555555555558,89859.85525151134,348.2
907,0.5,-0.05555555555555558,216192.51361945752,348.2
908,0.5,-0.05555555555555558,335344.52773536835,348.2
909,0.5,-0.05555555555555558,446359.3576257333,348.1
910,0.5,-0.05555555555555558,553629.1250987286,348.1
911,0.5,-0.05555555555555558,648884.8750141576,348.2
912,0.5,-0.05555555555555558,747353.5586508425,348.2
913,0.5,0.05555555555555558,38850.69756034601,283.2
914,0.5,0.05555555555555558,191508.93767990477,283.2
915,0.5,0.05555555555555558,436613.2242775282,283.2
916,0.5,0.05555555555555558,587415.3846535455,283.2
917,0.5,0.05555555555555558,788291.4160786163,283.2
918,0.5,0.05555555555555558,200460.10366912646,298.2
919,0.5,0.05555555555555558,474136.2253850625,298.2
920,0.5,0.05555555555555558,689728.7935783141,298.2
921,0.5,0.05555555555555558,832053.4667940965,298.1
922,0.5,0.05555555555555558,921968.7370860697,298.1
923,0.5,0.05555555555555558,968827.5008638848,298.2
924,0.5,0.05555555555555558,26518.333404931178,322.8
925,0.5,0.05555555555555558,207359.0482070656,323.1
926,0.5,0.05555555555555558,491022.5741143051,323.1
927,0.5,0.05555555555555558,741979.4563445101,323.1
928,0.5,0.05555555555555558,963021.1079859103,323.1
929,0.5,0.05555555555555558,1156827.7502539307,323.1
930,0.5,0.05555555555555558,1322185.1583974173,323.2
931,0.5,0.05555555555555558,1457877.5347221463,323.2
932,0.5,0.05555555555555558,20012.158663063205,348.2
933,0.5,0.05555555555555558,193400.53477659338,348.2
934,0.5,0.05555555555555558,466137.63255025476,348.2
935,0.5,0.05555555555555558,723844.6935310338,348.2
936,0.5,0.05555555555555558,964169.8713372076,348.1
937,0.5,0.05555555555555558,1195378.6218816757,348.1
938,0.5,0.05555555555555558,1398998.094194296,348.2
939,0.5,0.05555555555555558,1607849.3596463138,348.2
940,0.5,0.16666666666666663,115829.06045810586,283.2
941,0.5,0.16666666666666663,1334661.4142339681,283.2
942,0.5,0.16666666666666663,132192.27921007777,298.1
943,0.5,0.16666666666666663,556398.8688728397,298.2
944,0.5,0.16666666666666663,1356733.5604784687,298.2
945,0.5,0.16666666666666663,2009333.790043226,298.2
946,0.5,0.16666666666666663,63650.54007894185,322.8
947,0.5,0.16666666666666663,505020.87313266704,323.1
948,0.5,0.16666666666666663,1230125.5382774712,323.1
949,0.5,0.16666666666666663,1914225.374414519,323.1
950,0.5,0.16666666666666663,2563037.496578473,323.1
951,0.5,0.16666666666666663,3187244.468582255,323.1
952,0.5,0.16666666666666663,43057.20131679494,348.2
953,0.5,0.16666666666666663,420830.96546319826,348.2
954,0.5,0.16666666666666663,1034258.2562115712,348.2
955,0.5,0.16666666666666663,1639891.2709613028,348.2
956,0.5,0.16666666666666663,2234694.8312856928,348.1
957,0.5,0.16666666666666663,2840943.1993478965,348.1
958,0.5,0.16666666666666663,3411598.6584503124,348.2
959,0.5,0.2777777777777777,353816.4249584447,283.2
960,0.5,0.2777777777777777,368373.44163169706,298.1
961,0.5,0.2777777777777777,153639.50524493062,322.8
962,0.5,0.2777777777777777,92857.16081076088,348.2
963,0.5,0.2777777777777777,940123.561120286,348.2
