,Param1,Param2,Param3,Param4,Param5,Param6,sc_param1,sc_param2,sc_param3,sc_param4,sc_param5,sc_param6,"SRK_kappa_A[emimTf2N,R125]","SRK_kappa_A[R125,emimTf2N]","SRK_kappa_B[emimTf2N,R125]","SRK_kappa_B[R125,emimTf2N]","SRK_kappa_C[emimTf2N,R125]","SRK_kappa_C[R125,emimTf2N]",SSR
0,0.590627937242759,0.473396162640126,0.567118897366579,0.636729339908475,0.254856859122831,0.474068796655188,0.18264364048077497,-0.05007967252834966,0.13375230526384319,0.27623618908057135,-0.4939107056436206,-0.05395001485014361,,,,,,,
1,0.0924206282420954,0.219842598621251,0.824439646010416,0.407073888635506,0.96027500379152,0.578268394462505,-0.8200628563804049,-0.5589842819421518,0.6494371679597566,-0.1857775690661656,0.9234264643502363,0.1556584787048676,,,,,,,
2,0.38198335982754,0.343457511941981,0.0507937883566653,0.537434966542334,0.940800593091456,0.0895207692412738,-0.2372804945720426,-0.310878129600613,-0.9009914701585078,0.07647882931649375,0.8842981737646711,-0.8275089768994334,,,,,,,
3,0.053751106247803,0.659045042541833,0.74299975761301,0.754968760674668,0.970675701056011,0.50307897518575,-0.8978902592179285,0.322534181589887,0.4862271746439195,0.5141066112564026,0.9443237079754907,0.0044070224850429884,,,,,,,
4,0.396842621803166,0.776562562151081,0.66041353340375,0.467503572273055,0.0850503219601873,0.733197806086984,-0.20737431244193938,0.5584023211186657,0.32071986162551336,-0.06420699416255748,-0.8350886561223316,0.4673153493774611,,,,,,,
5,0.646596286743465,0.500342086894004,0.871521088999047,0.126371768900464,0.201730240464483,0.140076029988257,0.29528716587490034,0.0040031999044465305,0.7437909563389555,-0.7504854414013812,-0.6006535388265279,-0.7258117317137922,,,,,,,
6,0.583119279892361,0.643969569559911,0.345339205897084,0.263729230058575,0.451935745331403,0.671345939208139,0.16753149866364536,0.29227636321024786,-0.3107063337963446,-0.47415393484496426,-0.09793672488418126,0.34289378813483795,,,,,,,
7,0.980708671278308,0.30701527376839,0.502690110554068,0.927560958908403,0.562297941780249,0.80947686156616,0.9677314528261813,-0.38402095074634734,0.004633490492084169,0.861322275812936,0.12380472643981166,0.620758723874502,,,,,,,
8,0.42769583223228,0.281561081212566,0.450695622898002,0.553881775113965,0.499882486259923,0.513432835028738,-0.14527824522776578,-0.4351097846607507,-0.09956630827725188,0.1095660118570354,-0.0016013830565705378,0.025234904836197947,,,,,,,
9,0.783671257287913,0.152061945670867,0.18869804720677,0.515153992121505,0.660863293357007,0.0054538911713708,0.5711682319268432,-0.6950260956275625,-0.6246237883252411,0.031654651748407536,0.3218437725276666,-0.9966183788636297,,,,,,,
10,0.566761135390676,0.876082755239822,0.829799153643224,0.955896130306195,0.532076740646545,0.356051140929632,0.13460862203757862,0.7581482217081039,0.6601779145661164,0.9183261002493328,0.06308381642015681,-0.29135499097367523,,,,,,,
11,0.03657801767558,0.269523221450211,0.0454208894886546,0.244023520188333,0.845240223229017,0.966452344144528,-0.9324533159444157,-0.45927084248001027,-0.9117590535330771,-0.5137972745681672,0.6922967839393388,0.9365314823180289,0.6257288116566542,0.14185719040488984,-1.196908293535142,-0.3344288211504333,0.5016890767102499,0.16154152707336483,11.29936873414963
12,0.514102810649393,0.920206728126034,0.516619483112427,0.905021436757268,0.760881258487837,0.158953101947398,0.028626948589588475,0.8467089693131793,0.03254871541294735,0.8159779598902979,0.5228014324892691,-0.6878385082143897,,,,,,,
13,0.402703051445031,0.122504956973057,0.245620004228566,0.532071059546173,0.62960808595964,0.730168765452579,-0.19557944157165263,-0.7543496071976362,-0.5105490712809628,0.06568788655458935,0.2590453209497574,0.4612221143011739,,,,,,,
14,0.246159824737651,0.627089738498615,0.902676053973936,0.748194472013441,0.166861562153151,0.367542503032119,-0.5106428852894029,0.2583970372916411,0.8062272111689504,0.5004783061332456,-0.6707122326845101,-0.2682389027172549,,,,,,,
15,0.261303301565065,0.265727266842515,0.539154365696304,0.686113568921968,0.657014980731791,0.270567580577635,-0.4801646840956616,-0.46688966181886304,0.07770985337939962,0.3755858588281604,0.31411168260809563,-0.463314198937554,,,,,,,
16,0.421703752519784,0.525759674912318,0.117497249818692,0.136049857604769,0.921224503009118,0.532858603984163,-0.15733807885301243,0.0550185652484656,-0.7673140829028134,-0.7310153608560745,0.8449655873738331,0.06431189028122608,,,,,,,
17,0.932628699056211,0.56287558991721,0.854947753987473,0.988588315550585,0.974229907409947,0.41877953796248,0.8709643046028754,0.12951351585856385,0.7105770859655001,0.9840952308450486,0.9514648749745729,-0.16517019677236222,,,,,,,
18,0.335696713890158,0.0525112035417496,0.0400974037461205,0.382763692099116,0.770323486767404,0.917077304002175,-0.3304383422407613,-0.8948333108647393,-0.9224276102999552,-0.23468407313914474,0.5417729052382199,0.8372083754995681,,,,,,,
19,0.298960600443949,0.432617453582257,0.151354575544,0.080193055634787,0.191396914498321,0.361419688593303,-0.4043745108927833,-0.13192617737159873,-0.6994621492366612,-0.8433863533718833,-0.6214154189853984,-0.2805555904765523,,,,,,,
20,0.377249763732713,0.209408085155623,0.228821830121717,0.103545405274655,0.893838831900168,0.120642537741298,-0.2468074675249693,-0.5799272807921036,-0.5442135315061369,-0.7964068161613859,0.7899418686315662,-0.764904253375253,,,,,,,
21,0.494270002906077,0.933105325878392,0.772302267616491,0.987530904866141,0.127214558934552,0.241917558947338,-0.011289136172618841,0.8725976050203896,0.5449510083317579,0.9819679646229036,-0.7503716116858519,-0.5209467426384409,,,,,,,
22,0.80270509410704,0.730933039001508,0.370134769139431,0.543997218341608,0.789003269313615,0.170474363388439,0.6094762846067947,0.46681979990258515,-0.26101466806986295,0.08968056521643586,0.5793046165079689,-0.6646622742813596,,,,,,,
23,0.271815711815895,0.127512035887536,0.0175457395757334,0.430787374264384,0.0531373590099613,0.789523019000911,-0.45900710196921546,-0.7442999533931749,-0.9676223794841811,-0.13807150960435777,-0.899208680445261,0.5806194626033612,,,,,,,
24,0.042758587630369,0.355396589020877,0.810358044557705,0.626523274754703,0.70918201182619,0.597580959131854,-0.9200141213842177,-0.2869153374343607,0.621216868003569,0.2557039417881699,0.4189264974482261,0.19450774177507224,,,,,,,
25,0.318293509068635,0.28932837628397,0.372123101843838,0.207518635509159,0.0690548505874611,0.621857781324176,-0.3654645376126233,-0.4195201309329082,-0.2570299405145847,-0.587236676367046,-0.8672270073959373,0.2433431330348852,,,,,,,
26,0.313537712487959,0.278653797649457,0.777387200262385,0.705152351072261,0.917373251420736,0.629079553413624,-0.37503619190801973,-0.4409449619806364,0.5551414916376542,0.4138874939212407,0.8372275924434995,0.25787049014873875,,,,,,,
27,0.823027941382248,0.577529259005543,0.876914360320772,0.240169944968656,0.17643561541246,0.542494746861574,0.6503786371604809,0.15892473621641323,0.7545993672256932,-0.521549778415454,-0.6514758951243348,0.08369600917149245,,,,,,,
28,0.148621133601065,0.832898697533631,0.666339300638903,0.614710847177064,0.106035681960352,0.287513032480431,-0.7069520873646791,0.671473967670656,0.3325954234647084,0.23194006408472134,-0.7929245425696455,-0.4292266331436625,,,,,,,
29,0.80446881044764,0.461068254879586,0.555403717164768,0.976844064844803,0.306632891168828,0.106532310725516,0.6130259913280531,-0.07482288254017955,0.11027444300178879,0.9604685092709699,-0.38988149220731083,-0.7932884649339813,,,,,,,
30,0.860286975459702,0.825054865767021,0.894022724898754,0.729314056433711,0.728149165049685,0.812756881139393,0.7253672510593299,0.6557306979716466,0.7888854661308373,0.46249526802545415,0.45703559837765306,0.627356829587421,,,,,,,
31,0.557749464984982,0.415760397413238,0.120605222445571,0.983561542639972,0.215500222716125,0.304409184146709,0.11647147250140244,-0.1657597920508328,-0.7610855356682756,0.973982524044886,-0.5729866751047643,-0.39523823998120033,,,,,,,
32,0.0347880572605221,0.763091797554982,0.101288856274279,0.785104149807487,0.955165550956367,0.586613142944386,-0.9360558422519945,0.5313652955425918,-0.7997965906038966,0.5747320582435902,0.9131604717948647,0.1724448214085792,,,,,,,
33,0.504919412740734,0.350134882122646,0.0342162870833849,0.484469591604929,0.0433801193154347,0.479936388033145,0.01014417529438294,-0.29747605230443386,-0.9342136899484301,-0.030075279418314893,-0.9188130790563674,-0.04214673522708556,,,,,,,
34,0.709971119210432,0.952404168316432,0.334011690556,0.399998027497264,0.516769580537691,0.619884866617661,0.42283719395373764,0.9113321024472849,-0.3334072944617358,-0.20001256840314163,0.032328430904073224,0.23937440678020372,,,,,,,
35,0.685549659361473,0.781823037451738,0.179375487435032,0.619592225644857,0.69573053370335,0.252601430908991,0.37368585472006743,0.5689605640626005,-0.6433067083042954,0.24176027082634577,0.3918995772039011,-0.4994550060642,,,,,,,
36,0.901253694327041,0.0237714521398534,0.993208538304884,0.298518463886059,0.426037587289178,0.276241763882855,0.807818059028732,-0.9525165543183512,0.9876592643468469,-0.4041660265476038,-0.14997170910600133,-0.4518999800750064,,,,,,,
37,0.695664378232014,0.788822029353766,0.415181232798017,0.392341243228156,0.0656063272980061,0.64894917692265,0.3940430316265231,0.5830081648288308,-0.1707390896365545,-0.21541625098886286,-0.8741558343288334,0.29784033589549175,,,,,,,
38,0.949143568994578,0.924900603557974,0.729290501559723,0.660004044806478,0.678539919307058,0.968136789404392,0.9042026113937456,0.856129995803466,0.45875307524555464,0.32305952299264695,0.3573599258736402,0.9399199218209229,,,,,,,
39,0.0148064841227728,0.337963915165036,0.683501966700447,0.831318024447774,0.229245764355726,0.274029129691774,-0.9762713365668347,-0.32190426813219375,0.36699034551467236,0.6677037067837452,-0.5453689178429989,-0.4563509273851718,,,,,,,
40,0.815067234486883,0.0758969928016699,0.761618113964071,0.315309530674323,0.672572371418758,0.865780227379242,0.6343566873026971,-0.8478959467807254,0.5235393796997572,-0.3703862759379922,0.3453698353156798,0.7340188893501896,,,,,,,
41,0.0587302233847004,0.888097889889931,0.912908326895303,0.64758771836703,0.392397446126738,0.901391051296084,-0.8878691434863782,0.7822636682009514,0.826733246085807,0.29808074017312824,-0.217562006908392,0.8056538218502634,,,,,,,
42,0.518871926731371,0.0990305263233831,0.325681674119836,0.457575409206819,0.84819401782741,0.828107483768505,0.03822541010007208,-0.8014648824540092,-0.3501011032772994,-0.08418016660109573,0.6982315942479052,0.6582361876651717,,,,,,,
43,0.642997745078249,0.568395952911943,0.217264263383914,0.154352439389999,0.904399812704064,0.704385081381186,0.28804463642631495,0.14059337657567794,-0.5673755277605946,-0.6941947909653505,0.8111611564512518,0.4093555112601832,,,,,,,
44,0.743505821426342,0.930206464868102,0.0822907882726831,0.294976868968499,0.82397385229359,0.251899821066348,0.49033010940222055,0.8667793325149526,-0.8378697585879167,-0.4112908980393344,0.64956805882012,-0.5008663683465354,,,,,,,
45,0.29332742349331,0.547748824290805,0.582892777861639,0.0991932606167477,0.755832271187055,0.937702707913461,-0.4157120063978259,0.0991527485682775,0.16536402503439196,-0.805162326636981,0.5126569282313209,0.8786985533292633,,,,,,,
46,0.610886436951747,0.0516029634897894,0.544087838459297,0.871249243023114,0.440516431290676,0.845082496995082,0.22341648525418556,-0.8966562296262455,0.08759680279100501,0.7480361015042318,-0.12088058926883882,0.6923832191832657,,,,,,,
47,0.895009726665332,0.442526007375128,0.640140330864893,0.676464910212641,0.702222397673295,0.835393318784558,0.7952512684026667,-0.11203882647858865,0.2800912542444298,0.35617498463962294,0.40494313183413877,0.6728924141203758,,,,,,,
48,0.637724930100867,0.725945877503222,0.609087784108491,0.837474344834138,0.0902298378699624,0.739802070302309,0.27743241589271195,0.45681012212822814,0.21786025112933327,0.6800888023793148,-0.8246818917415448,0.48060052419908916,,,,,,,
49,0.787794609084856,0.242479714526885,0.445100890781471,0.961510294277813,0.370677605516587,0.481860245261534,0.5794670094857921,-0.5135495720307026,-0.11077845762214222,0.9296205022807316,-0.26120185039096566,-0.03827669326969507,,,,,,,
50,0.48870733650313,0.907993213583764,0.169420141659214,0.609366925262444,0.46424130757524,0.855840527888926,-0.022484720101916267,0.8221953566895324,-0.6632577660660575,0.22118932669385605,-0.07321219674767476,0.714024134280143,,,,,,,
51,0.391852218212074,0.457129692650089,0.751656601113693,0.463291662117134,0.429148634950761,0.922000081012233,-0.21741814361893363,-0.08272792809065321,0.5035759627830709,-0.07268038518953768,-0.14372094348321607,0.8471110612574686,,,,,,,
52,0.890931317117013,0.226619696144856,0.969888383094442,0.529496605164149,0.280244371914964,0.0191586623018905,0.7870429429183157,-0.5453820429771625,0.940924397061079,0.06050867858184894,-0.4429017178454907,-0.9690497846306996,,,,,,,
53,0.698791240528486,0.193374452720609,0.152593829029321,0.996494177385359,0.245876176238586,0.69009603706698,0.40033624548111657,-0.6121082106220541,-0.696978617431351,1.0,-0.5119548341650755,0.3806115898241331,,,,,,,
54,0.825350781833869,0.887322660020384,0.807160055852326,0.599287188085747,0.783912788072882,0.469383802503078,0.6550536533032274,0.7807077127345221,0.6148079236213999,0.20091122213189694,0.5690767419768481,-0.06337437528149303,,,,,,,
55,0.0094969701007966,0.769515396646517,0.884693041754338,0.853417704482938,0.908718435675265,0.575804108831287,-0.9869574186632416,0.5442580316370651,0.7701882705230949,0.7121631618948301,0.8198382012742869,0.1507013079506767,,,,,,,
56,0.113150637316087,0.694301554899768,0.0791743617216436,0.4404635115265,0.818850015768902,0.984566746615135,-0.7783410381674671,0.3932971453061931,-0.8441152479491307,-0.11860535491029733,0.6392731663307538,0.9729705156100219,,,,,,,
57,0.550896661661168,0.11329166613104,0.470098017490812,0.0269979350553459,0.0365304813354909,0.843841966932176,0.1026793215426316,-0.772841503359756,-0.060682847676824414,-0.9504026573078359,-0.93257547882358,0.6898877619726125,,,,,,,
58,0.856015660742604,0.867284759256814,0.722800285226053,0.23365511537741,0.592559156751052,0.977437780703113,0.7167706790307826,0.7404898593550369,0.44574632652227986,-0.5346561117789914,0.18460603288683775,0.9586298479215809,,,,,,,
59,0.282798214843868,0.44845017745115,0.714620120458908,0.518052507668197,0.637797470525913,0.341974261832164,-0.43690339746910445,-0.1001484889465376,0.4293528286523747,0.03748579598361301,0.27549956051373137,-0.31967211967346654,,,,,,,
60,0.777994938540484,0.679360261664188,0.800288200251383,0.0926436548516607,0.270171046007064,0.261691536352071,0.5597439079888449,0.36330863764071264,0.6010363489205064,-0.8183386216351374,-0.46314120182053686,-0.48116929912986484,,,,,,,
61,0.627470710540611,0.91160861780564,0.531879515016647,0.423793297787804,0.404599902265971,0.312483781344894,0.25679447584736437,0.8294517953064624,0.06313065448601862,-0.1521419770798701,-0.19304464116997955,-0.3789953351102544,,,,,,,
62,0.720409760399586,0.116954244324354,0.569119855219525,0.185042109691462,0.858608886591662,0.327262586209274,0.443846306324575,-0.7654903823761944,0.13776233430773122,-0.6324542582078243,0.7191573114721415,-0.34926620861310176,,,,,,,
63,0.907048233996207,0.608423695391105,0.35849513715162,0.329781935732466,0.303046156006856,0.547194170645147,0.8194803178266752,0.22093262454048967,-0.2843411275765283,-0.3412711375283798,-0.397088016596295,0.0931493963301726,,,,,,,
64,0.759731639576991,0.0190090909859995,0.561647887369563,0.110282110246882,0.515796248766952,0.283472158186814,0.5229866621717465,-0.962075037758596,0.12278810181741151,-0.7828541207453082,0.030372797486035275,-0.43735527846623345,,,,,,,
65,0.222537504545402,0.0936110669599195,0.0146802132629862,0.384881109829484,0.82746016600705,0.912711172941622,-0.558185852844846,-0.8123422205867601,-0.9733650510368195,-0.23042431741485736,0.656572814864022,0.8284254418460373,,,,,,,
66,0.0600439777440343,0.915693530815019,0.716540292514165,0.726413330736401,0.481687466496555,0.633058627994244,-0.8852250433144515,0.8376505799205596,0.43320095853652285,0.456659677477359,-0.03815910136066414,0.2658748188231075,,,,,,,
67,0.163151901780813,0.566933809846902,0.812580180859735,0.794571083737375,0.872382522264778,0.756426049734239,-0.6777070413868457,0.13765872508181687,0.6256701507638724,0.5937773441221981,0.746831515705475,0.5140414141731542,,,,,,,
68,0.718849861454203,0.660614687693492,0.821807602880503,0.933362110214457,0.732915334512346,0.203361260478012,0.44070680841130705,0.32568459935630334,0.6441624094833713,0.8729928532001985,0.46661186061158233,-0.598506808217171,,,,,,,
69,0.129981642744299,0.229263774372568,0.031826345330981,0.76642331246258,0.101183427545222,0.150310832084069,-0.7444664679099049,-0.5400751422323828,-0.9390032640147854,0.5371505254769684,-0.8026737680365643,-0.705223346592538,,,,,,,
70,0.253477726663976,0.654050322431171,0.909865678424702,0.343286089841228,0.96631035577018,0.0494843690761944,-0.49591466337785084,0.31250933300657735,0.8206356120354508,-0.3141038965341043,0.9355527879470986,-0.9080464233249569,,,,,,,
71,0.442427266794328,0.0825728662417594,0.108698928779877,0.887782819877802,0.620168573782163,0.589612874755999,-0.11562933226203664,-0.8344968735763283,-0.784946399771034,0.7812978418021486,0.2400793054356094,0.17847909869306489,,,,,,,
72,0.461280157912191,0.671146661823946,0.841734901717395,0.491011515035985,0.220977643023548,0.570817042125746,-0.07768545615468603,0.3468232104499971,0.6840978069154164,-0.01691443950296756,-0.5619813565485823,0.140669296681883,,,,,,,
73,0.111479865885634,0.179084646635892,0.511123050091704,0.256392746631748,0.110535986084962,0.380871903927952,-0.7817036812636626,-0.6407891254902061,0.021533562835678755,-0.4889132460688932,-0.7838824611314339,-0.2414254053472087,,,,,,,
74,0.503719047261136,0.64494087180642,0.0107066493628484,0.172070227626897,0.0817975434312746,0.0144729110629129,0.007728284874358504,0.2942258534187372,-0.9813282905542523,-0.6585506907099312,-0.8416241896206246,-0.978475668022225,,,,,,,
75,0.0998184653223685,0.974415425798909,0.139739826768968,0.0460635640389006,0.0271142822229792,0.17206091523118,-0.8051737546568881,0.9555106587029278,-0.7227387414231317,-0.9120470125831062,-0.9514946533629508,-0.6614707577236967,,,,,,,
76,0.169784288165075,0.704709363009147,0.59850470968653,0.179421001708225,0.346976220827491,0.507179488080641,-0.6643585079610057,0.41418654412514666,0.19665119080694393,-0.6437626299877613,-0.3088230432310739,0.012655637151391064,,,,,,,
77,0.736436735252514,0.317899888346064,0.706965890521323,0.929953333705633,0.601058986243675,0.760880998820183,0.476102661299167,-0.3621745588342281,0.4140133329637863,0.86613518168927,0.2016840232526269,0.5230030146631652,,,,,,,
78,0.353656825053299,0.455589044225766,0.0389575870001217,0.104025889529325,0.88273781911086,0.712619920792861,-0.29429130099451073,-0.08582014684000472,-0.924711865437781,-0.7954401927479204,0.7676375400999362,0.4259207602637394,,,,,,,
79,0.325873816230523,0.0278064698371927,0.186110058984937,0.840949724394973,0.66631037877906,0.926154859485794,-0.3502081913043473,-0.9444179140441038,-0.6298102583548376,0.6870804638573575,0.332788141757683,0.8554688368652816,,,,,,,
80,0.809423839272232,0.548244477561071,0.243620667558993,0.144135904909866,0.645006232115877,0.769283498173965,0.6229986262227898,0.10014756887334975,-0.5145558513846487,-0.7147481001258267,0.28998351705539194,0.5399055293436923,,,,,,,
81,0.98636997331183,0.993541058475256,0.699747418264987,0.856280477799792,0.226587643865814,0.452811380477007,0.9791255536897203,0.9938975086950013,0.3995471195161673,0.7179224010137388,-0.5507096551080489,-0.09671155208966209,,,,,,,
82,0.978954501231111,0.744032410563269,0.75673407726974,0.563054037746855,0.274214165889422,0.339057700763266,0.9642009592522276,0.4931114065459372,0.513751502875242,0.12801848710306585,-0.4550177021128584,-0.32553909022687855,,,,,,,
83,0.585563158889866,0.382092888534598,0.587726207282659,0.191609911368118,0.715864259711522,0.136991081127015,0.17245012049851205,-0.2333334841111998,0.1750504821136034,-0.6192413572356302,0.43235257441912966,-0.7320174320917813,,,,,,,
84,0.265468854786761,0.596069369731197,0.86680945908108,0.814360902698687,0.333087942196735,0.556319751327101,-0.47178097072382497,0.19613639144925066,0.7343485921295936,0.6335898919223011,-0.33672758988807405,0.11150646545337772,,,,,,,
85,0.304962909437541,0.585711733394619,0.45284971716045,0.803475309565684,0.537514496569559,0.216021446400228,-0.3922940895193687,0.17534769185154353,-0.0952493854880131,0.6116905911865342,0.07400944067477777,-0.5730395074297996,,,,,,,
86,0.671064423687014,0.523070012083376,0.978174510419522,0.0849817330861424,0.119496821202601,0.124468147708053,0.3445324487845354,0.04962017214476755,0.9575302496961073,-0.8337526396777827,-0.7658782110530906,-0.757208634976194,,,,,,,
87,0.578845098643188,0.163531930856912,0.264359290804377,0.182607587444297,0.487138176307466,0.717986392378771,0.1589291573694065,-0.6720048127137408,-0.4729945154365681,-0.6373519550248166,-0.027207449951863527,0.4367159845112305,,,,,,,
88,0.211909208663534,0.275478494393898,0.677797315601879,0.57020086510089,0.990766490922977,0.459976479171556,-0.579576669757365,-0.44731807871947404,0.3555579125142345,0.14239625408556567,0.9846904372242269,-0.08229819949386219,,,,,,,
89,0.966834251373263,0.509032703585159,0.606283129847009,0.327202658073604,0.411876192362547,0.687939654457773,0.9398073924448227,0.021446042444999813,0.21223957049878028,-0.34646004882079384,-0.178425005296594,0.3762737985105822,,,,,,,
90,0.358583669545648,0.159446746942276,0.282403785704257,0.253053928005248,0.0751941796306619,0.119616252655874,-0.284375390705253,-0.680204141058842,-0.43683236013465987,-0.49563017846849067,-0.8548917714546529,-0.7669687341913066,,,,,,,
91,0.157401478754366,0.399251391634213,0.279746813587323,0.807186530157648,0.299730280841647,0.440852159233559,-0.6892805097486092,-0.19889483856573598,-0.44215707766532597,0.6191567103816182,-0.4037503248431541,-0.12076878840995608,,,,,,,
92,0.345569593197745,0.602414097096639,0.673135233120961,0.592927358526181,0.587999391001698,0.549785629627804,-0.31056789866115775,0.20887082495737896,0.34621484408030545,0.18811671305449096,0.17544448022212755,0.09836238970917588,,,,,,,
93,0.116975328305615,0.854656017995912,0.797120305274467,0.691034879424991,0.785454282199839,0.869121923455502,-0.770643354021928,0.7151428496861492,0.5946877140171192,0.38548639960742603,0.5721739360878524,0.7407410638614462,,,,,,,
94,0.764462545793955,0.46616512789114,0.089035309182298,0.70954506604918,0.316788984234338,0.911086086073592,0.5325082213983787,-0.06459300397699153,-0.8243533695771008,0.4227246225141148,-0.36947571116460065,0.8251564080160441,,,,,,,
95,0.792417989233852,0.711588338259959,0.381242507213569,0.942616912766753,0.522422647737279,0.351949232409207,0.588772158625728,0.4279932607718948,-0.23875415307519998,0.8916113797119423,0.04368666194335602,-0.2996064130881507,,,,,,,
96,0.595687695596622,0.795318129490289,0.790958337055013,0.12110947279432,0.670949056599351,0.375519104601592,0.19282705706722125,0.5960464169846715,0.5823387924787944,-0.7610719665067258,0.34210824578961496,-0.25219312640094405,,,,,,,
97,0.101896515456458,0.181434405445956,0.955960519892457,0.57953110753964,0.794864686576984,0.113468087010448,-0.8009914106153397,-0.6360729500576918,0.9130121969729921,0.1611665482355762,0.5910814677542864,-0.7793364185795656,,,,,,,
98,0.203819418298437,0.648849270048104,0.986599594605084,0.439276846460432,0.741145422708641,0.615939156805591,-0.5958584167546113,0.3020703571562975,0.9744145794842451,-0.12099265111335522,0.4831478825456583,0.23143719486080094,,,,,,,
99,0.77281354956845,0.80651056125843,0.428415356978227,0.495224542154147,0.13522342124581,0.224238936794901,0.5493156940884014,0.6185106254425434,-0.1442171805144168,-0.00843880140577924,-0.7342800802602742,-0.5565091578058472,,,,,,,
100,0.374740675552016,0.418773611975541,0.441027055849317,0.214557806222875,0.913679678244351,0.880001736791335,-0.2518573312554493,-0.15971200177092715,-0.11894264577527658,-0.5730754896952137,0.829806407444861,0.7626269571995445,,,,,,,
101,0.847057970633799,0.436409448449238,0.354824054800676,0.758382425101947,0.363010110172002,0.39848712568819,0.6987421718075857,-0.12431530558540493,-0.29169817751544413,0.5209741161310173,-0.2766075019676475,-0.20599052676323726,,,,,,,
102,0.146930249711254,0.497102426172648,0.459262629583521,0.251096879565545,0.544256372809674,0.448419176683933,-0.7103552093805969,-0.002499088006253647,-0.08239755803219606,-0.49956730819691897,0.08755532386878229,-0.10554693379771118,,,,,,,
103,0.691430464704313,0.202373186340899,0.755348175093248,0.193323771686995,0.977741772690466,0.197639799815508,0.3855217343177988,-0.5940469499335173,0.5109740790671704,-0.615793465872835,0.9585209696266721,-0.6100161304759705,,,,,,,
104,0.199224591670812,0.863254547932702,0.739696839921745,0.872171148615236,0.948481563635594,0.0646597773279618,-0.605106098248309,0.7324008659003849,0.4796079468315777,0.7498907627583491,0.8997308999230658,-0.8775194872362277,,,,,,,
105,0.384666457755791,0.515793663047989,0.982252085037748,0.0382733394828265,0.860029295446275,0.754070616424985,-0.23188041377080237,0.03501589088317014,0.965701932384792,-0.9277191462250844,0.7220112191600092,0.5093032113584466,,,,,,,
106,0.361019582941935,0.104224143985069,0.214913521047424,0.0407847431606182,0.452214988338425,0.779762235827077,-0.2794728006707,-0.7910408287524089,-0.5720865440521887,-0.9226667817156919,-0.09737566546672183,0.5609846165959154,,,,,,,
107,0.941024581849545,0.362317519839943,0.391051578476981,0.388807243215112,0.8660864948654,0.466158654912386,0.8878621021093942,-0.27302441222143603,-0.21909623744147677,-0.22252584328578762,0.7341814389759784,-0.0698621002075297,,,,,,,
108,0.842936230722918,0.857615423100708,0.695413802548815,0.0600190359468918,0.475500023038979,0.858725157896321,0.6904466383773307,0.7210826395872738,0.39086231645481684,-0.8839718243514166,-0.0505910095358878,0.7198268721317012,,,,,,,
109,0.623546326696589,0.133945823245212,0.174116701057536,0.995152782392037,0.367743376057664,0.592359358206358,0.2488961469680251,-0.7313867685401872,-0.6538456040028298,0.9973014228985695,-0.2670973501152828,0.18400394015807775,,,,,,,
110,0.871804077148779,0.672416690008798,0.329085648595501,0.602683924601628,0.758453340477868,0.192408555447447,0.7485469043482644,0.3493722702506652,-0.34327935213847716,0.20774467195613444,0.5179232216476091,-0.6205393308959475,,,,,,,
111,0.242895521687814,0.759256669362778,0.794434401925667,0.640950632612831,0.261767017234881,0.0293953276455481,-0.5172127163951745,0.5236678513269777,0.5893050167144718,0.2847284556292926,-0.4800267078803607,-0.9484576513896614,,,,,,,
112,0.0853705613536041,0.743625993157671,0.235375934036628,0.332972962011034,0.180310283100634,0.131015787509296,-0.8342520257175144,0.4922956905773799,-0.5310787485736742,-0.3348515292189135,-0.6436908522000385,-0.7440373661425344,,,,,,,
113,0.677493196053802,0.111773776538797,0.343433630560491,0.424154893652989,0.256262766154341,0.311063901824369,0.3574711827263357,-0.7758880431039822,-0.31452521105745435,-0.15141452966384572,-0.4910859352455601,-0.38185157269264136,,,,,,,
114,0.541703567929535,0.967809452963314,0.460381937830595,0.017720430675588,0.28870075224719,0.693806260020743,0.0841770341525645,0.9422518822439763,-0.08015440304858568,-0.9690668546563238,-0.42591102621237686,0.3880750950627001,,,,,,,
115,0.523198566626516,0.425269121673946,0.362590328624106,0.197565975529703,0.0472656714997645,0.72642870656385,0.04693333118846965,-0.14667493467703185,-0.27613413974778755,-0.6072591309405261,-0.9110061668321462,0.453698590929009,,,,,,,
116,0.27836250382553,0.574097979407353,0.0873621539902865,0.866539631119491,0.582427567626206,0.16098082086629,-0.4458308382672087,0.15203785213547616,-0.827706464148793,0.7385614494420032,0.16424948554498542,-0.6837595374996669,,,,,,,
117,0.854862745118689,0.100291943545479,0.480512492180356,0.0666258097404671,0.936348871411806,0.774429708999549,0.7144502875681378,-0.7989331056233322,-0.039811670445169756,-0.870680520475651,0.8753537049347704,0.5502576758141791,,,,,,,
118,0.816663669179577,0.478354548008511,0.272785150270218,0.305600048184909,0.833863318830449,0.190938317847589,0.6375697181219153,-0.04012775101233723,-0.4561086319443224,-0.3899195135325231,0.6694381296710532,-0.6234968690722853,,,,,,,
119,0.0209705932755701,0.168519976971889,0.577063380438568,0.833897483915249,0.26619415360486,0.67861243509995,-0.9638652714947081,-0.6619933594348137,0.15368159357264788,0.672892983833123,-0.4711316362391996,0.35751111189958684,,,,,,,
120,0.472536368450217,0.293159999292026,0.0220313151111932,0.590060133924932,0.74685761386611,0.0802629494270644,-0.055030879972021274,-0.4118297219343956,-0.9586330406286603,0.1823485189788392,0.49462490636589673,-0.8461320590004653,,,,,,,
121,0.962332261320366,0.136230533069231,0.622392632481813,0.909377398802558,0.0135089036102357,0.406504587118867,0.9307465565371782,-0.7268011522223282,0.2445238954049962,0.8247411500681654,-0.9788307928788086,-0.18986255652167072,,,,,,,
122,0.453029945928633,0.334079314952837,0.420549595714823,0.891846992042093,0.815272910054512,0.794069894166593,-0.09429007235951292,-0.3297010071027835,-0.1599805965564387,0.7894740180913302,0.6320859895784692,0.5897659821093544,,,,,,,
123,0.85172025805075,0.69826155524182,0.651276654408877,0.239240308924034,0.33629141628638,0.527047141583192,0.7081256268447833,0.40124521905995225,0.30240905608506363,-0.5234199915556332,-0.3302911196403481,0.052621520022104296,,,,,,,
124,0.544166184231822,0.537951709807104,0.320297728622234,0.968285018887993,0.321144105496222,0.941875003763588,0.08913336723112253,0.07948906630452135,-0.36089082470211953,0.9432496844325549,-0.36072533340504087,0.8870915669897204,,,,,,,
125,0.417251237012067,0.837902040139201,0.30071185510996,0.401668081176317,0.80467052892069,0.319159513024386,-0.16629934085440357,0.6815161223700139,-0.40014198709841875,-0.19665280588808176,0.6107835195683375,-0.3655663959381157,,,,,,,
126,0.0469598781431834,0.594123795868608,0.437253688169919,0.899938358347088,0.382014069590845,0.566819171749111,-0.9115584821025494,0.1922314512427985,-0.12650468111019186,0.8057519794216244,-0.23842444945482688,0.1326271582791585,,,,,,,
127,0.497057496893889,0.0681658286227375,0.558123356806496,0.410825298826453,0.236147132458409,0.205872056191109,-0.005678944830490473,-0.8634130825860051,0.11572474968175284,-0.1782305976746208,-0.5315025811040472,-0.5934560775222231,,,,,,,
128,0.886085526419658,0.236575606536524,0.132448243920407,0.551818959271452,0.60862674319974,0.393969662796426,0.7772901638504741,-0.5253996431681287,-0.7373514724986991,0.1054161025277276,0.2168892788990464,-0.215077880374566,,,,,,,
129,0.92051450028659,0.918777863491189,0.140070564411095,0.0128210738812753,0.243544409774248,0.998003517972092,0.8465829163913456,0.8438411105957728,-0.7220759250880033,-0.9789232296410904,-0.5166398558173093,1.0,,,,,,,
130,0.302709789344008,0.901118710408169,0.239870657993716,0.733154536120517,0.168255282917723,0.332354009926549,-0.3968287844449122,0.8083976158964681,-0.522071075780544,0.47022142668335776,-0.6679119471245918,-0.3390242721960177,,,,,,,
131,0.141755906857887,0.996581526946467,0.128700908809022,0.37385455492796,0.413246542621913,0.905078626369283,-0.7207692420580087,1.0,-0.7448613371426299,-0.2526072006916369,-0.17567167612128287,0.8130717684856581,,,,,,,
132,0.0030165998523247,0.310769237879459,0.105362728278194,0.117652821393387,0.0227715528348434,0.664401151276089,-1.0,-0.3764864100780302,-0.7916323281569245,-0.7680259512499402,-0.9602201331759495,0.32892361390069325,,,,,,,
133,0.331462046365165,0.987372788950388,0.206206883234385,0.559156210533363,0.444557381790187,0.0247803006786389,-0.3389611570663299,0.9815172418056024,-0.5895351227183989,0.12017695845861143,-0.11276144831910873,-0.9577412654400571,,,,,,,
134,0.531049553949687,0.631691573649152,0.66970512198362,0.0023443399684839,0.0042061660221584,0.490208263190344,0.062734456249258,0.2676333307309884,0.3393407136411013,-1.0,-0.9975219987485889,-0.021483773728260713,,,,,,,
135,0.830545308273029,0.681007634936989,0.540808336949083,0.957936717346018,0.0492726350858819,0.639059977049785,0.6655083080514899,0.36661506267637556,0.08102450228698888,0.9224312903585525,-0.9069737442032041,0.27794716613826576,,,,,,,
136,0.665247645951949,0.605863148432497,0.505468967821246,0.696646660491031,0.193747219588602,0.411731505104798,0.3328254330094227,0.21579337850031544,0.010202472534257767,0.39677600778283195,-0.6166931492359499,-0.17934805907617624,,,,,,,
137,0.927843921951016,0.842184323064608,0.932841184587422,0.265360357445485,0.21140010364358,0.166863204961016,0.8613343232623059,0.6901110460027631,0.8666797837679474,-0.4708724830446035,-0.5812246984769135,-0.6719265007648467,,,,,,,
138,0.749245064062868,0.612830292462966,0.635761762851045,0.762075295673248,0.64805515894617,0.554273048288379,0.5018810757865768,0.22977705774882162,0.27131636431842865,0.528403319320139,0.2961094685322929,0.10738930617705988,,,,,,,
139,0.178956729271944,0.371124893260313,0.702442377782748,0.652588941170922,0.248739904559839,0.954179502629826,-0.6458977866432423,-0.25534722851550606,0.4049479658770303,0.3081420460561264,-0.5062009864293013,0.9118433657065514,,,,,,,
140,0.96857364268695,0.174773961101835,0.426319063527456,0.274073887517005,0.624351120091561,0.960082592486678,0.9433081419105749,-0.6494410556908468,-0.14841826731378505,-0.45334287182591515,0.2484829429013209,0.9237180542682355,,,,,,,
141,0.369815542931223,0.0610738500327977,0.25734371124379,0.502910816509632,0.577264136392403,0.988292377419507,-0.2617697961823048,-0.8776473159254178,-0.487054120818181,0.0070242084267353455,0.15387503874674868,0.9804650153670231,,,,,,,
142,0.606158005158369,0.16616029614536,0.925462117180272,0.057075217165925,0.35078787683791,0.825609705043683,0.2138999061243141,-0.6667294492390043,0.851891728849193,-0.8898941082369439,-0.30116460435531367,0.653211642016619,,,,,,,
143,0.727389336240101,0.378379828458676,0.784458787014612,0.672122122943117,0.981072810324635,0.609665280575651,0.45789360333163365,-0.24078592673403898,0.5693133384964242,0.34743829906955237,0.9652137425433278,0.21881663035785448,,,,,,,
144,0.882976845805173,0.0109932589235988,0.745553969951417,0.922497509629862,0.154895158589632,0.887547711774595,0.7710335429770008,-0.9781635273865272,0.4913459559546749,0.8511357846262604,-0.694755317895606,0.7778064826672892,,,,,,,
145,0.350433416777638,0.969675421078264,0.0655386051708919,0.419045599586378,0.885539045103419,0.878403201175981,-0.30077882609028783,0.9459970466173966,-0.8714420503220015,-0.1616932499820758,0.7732658071792746,0.7594113340178892,,,,,,,
146,0.456141573953636,0.300766690252531,0.904491353179066,0.35902918100994,0.830820591520596,0.708228482969998,-0.08802751944204512,-0.3965624149763316,0.8098651701220589,-0.28243243097390736,0.6633246343675894,0.41708691938564924,,,,,,,
147,0.173922304466982,0.963798265233435,0.652932546976154,0.915924242404145,0.54192689811805,0.183142701356527,-0.6560302161935437,0.9342010708390633,0.30572755541205465,0.8379118882309313,0.08287490688213195,-0.6391785747929322,,,,,,,
148,0.471516464579675,0.0354050144551421,0.936999636067521,0.0080693872818879,0.0170443048651696,0.0873181904727433,-0.05708356811747961,-0.9291669575218636,0.87501354811398,-0.9884825262793795,-0.9717274093787794,-0.8319396966653738,,,,,,,
149,0.448340421252358,0.3860343599174,0.551537512428,0.936789521896928,0.277023915657443,0.510612461503509,-0.10372834589573166,-0.22542259963066769,0.10252635712320268,0.8798880143790737,-0.4493723089305379,0.019561425683438882,,,,,,,
150,0.126173570713148,0.260433221423078,0.319183641896635,0.701746058940204,0.99838616223169,0.0975192429595955,-0.7521307042572392,-0.47751528298424717,-0.36312351547093535,0.4070348204029153,1.0,-0.8114192024462058,,,,,,,
151,0.628381268941224,0.358747918226472,0.0955349592298322,0.826444683906036,0.767356286316489,0.438257058859702,0.258627092124909,-0.28018892091961034,-0.8113277151749624,0.6578996704940034,0.53581115968108,-0.12598910683185705,,,,,,,
152,0.91083239896955,0.818868695334699,0.416634160818325,0.861389886347656,0.235910396131163,0.302336687716645,0.8270964381352603,0.6433145023649711,-0.1678273423693466,0.7282013516418251,-0.5319782354356368,-0.39940728538775894,,,,,,,
153,0.408871244668657,0.447741151566214,0.378473704623185,0.112025167363821,0.699576485732879,0.390859214928294,-0.18316515677998446,-0.10157156711321158,-0.2443029849948154,-0.7793474921641116,0.39962692417769485,-0.22133487469738622,,,,,,,
154,0.191776372297851,0.0597579395846047,0.846183816875292,0.71714493669198,0.112272003892863,0.992379642025684,-0.6200966008370723,-0.8802884655194,0.6930136763679859,0.4380138080206919,-0.7803944269980548,0.9886869797017195,,,,,,,
155,0.311147824810594,0.0456836534733615,0.975704450226639,0.523590532062309,0.597537802174602,0.889268888627021,-0.3798461492441919,-0.9085368125853759,0.9525801138903836,0.04862702275985353,0.19460920514480584,0.7812688116471564,,,,,,,
156,0.072893823822222,0.552652148037439,0.0598993401193603,0.478210844528194,0.83746686396689,0.947582947755487,-0.859363069968236,0.10899415650023014,-0.8827434461057906,-0.042666433872450726,0.6766784289236718,0.8985736990383557,,,,,,,
157,0.0772127593936341,0.798610426279158,0.364155541920279,0.309228820848134,0.435973251391792,0.239666086013543,-0.8506706548254986,0.6026543501758175,-0.2729973666427008,-0.38261926053916384,-0.1300088173833588,-0.5254758181806068,,,,,,,
158,0.0483684691351771,0.634606284440253,0.999366421862846,0.162668176345022,0.0991405372893018,0.0479464240478618,-0.9087235109698992,0.2734834151596539,1.0,-0.6774654476771598,-0.8067783750924175,-0.9111401621429831,,,,,,,
159,0.553564469073615,0.947833892305118,0.408265430309047,0.316313004601522,0.635675987098358,0.816324953693387,0.10804862820776417,0.90215915101412,-0.184598736306139,-0.3683675180215672,0.2712370428281228,0.6345343842870144,,,,,,,
160,0.561821772851215,0.822434726501744,0.403052939595275,0.66947003604844,0.691354140702959,0.646529708295507,0.12466751756320882,0.6504718448588334,-0.19504485296094387,0.342102912400742,0.38310645993461345,0.29297331927728143,,,,,,,
161,0.320987529026128,0.784534773991917,0.127697784142084,0.480271258188277,0.123632785746884,0.582311900063997,-0.36004247481818075,0.5744032610728078,-0.7468716538732594,-0.03852135717971272,-0.7575681663984521,0.1637924171810723,,,,,,,
162,0.744490963571399,0.315898962230478,0.589309777935448,0.586296319200386,0.903463466795686,0.221697161695446,0.4923128350895689,-0.3661905959475632,0.17822404436599326,0.17477659252894817,0.8092798356063802,-0.5616222068076062,,,,,,,
163,0.660424905555207,0.543314487040333,0.163662690143065,0.782798041456814,0.511712815298094,0.531255907780794,0.3231190456459214,0.09025263834820385,-0.6747960139929403,0.5700927005454286,0.022168299089800225,0.06108789763745692,,,,,,,
164,0.956576674198474,0.664676289811226,0.395751329632125,0.16444388517994,0.286924610676286,0.0559110945705682,0.9191626947669689,0.333836596932507,-0.20967767892290223,-0.6738931313761647,-0.42947967763797334,-0.8951183863870573,,,,,,,
165,0.48126702288497,0.531948676583375,0.929219324399584,0.447930504812224,0.315839733179299,0.4293679977641,-0.03745931133900271,0.0674404434037108,0.8594213777376809,-0.10358348797497552,-0.371382961231998,-0.14387039183271677,,,,,,,
166,0.526369542177689,0.69013324143945,0.687991764178704,0.791407779507856,0.725023679587213,0.210165402561534,0.05331532866041955,0.38493096855121167,0.3759881453746132,0.5874135061765253,0.4507558240994942,-0.584819557958311,,,,,,,
167,0.791808578835111,0.220673505972841,0.255372570848316,0.288163350577383,0.528220667456657,0.323200044751513,0.5875456415613798,-0.5573165768051478,-0.4910043940454726,-0.4249981243238947,0.055336133852660785,-0.3574384397242114,,,,,,,
168,0.575046289046298,0.976398936966313,0.726901798717391,0.849142122209975,0.471114557849438,0.931213921894121,0.15128356286622524,0.9594917424625726,0.45396598402278565,0.7035616772653657,-0.059402354789517275,0.8656456750923458,,,,,,,
169,0.755944163258991,0.0899717872501668,0.338739083606928,0.682774133116929,0.325597738520762,0.84922570350536,0.5153638773547513,-0.8196465794365588,-0.32393334007124974,0.36886768480780163,-0.35177702427109114,0.7007177165650369,,,,,,,
170,0.938473200265482,0.40464508187217,0.385143855990208,0.336687615325167,0.618255627025402,0.245010331398084,0.8827271174471991,-0.1880692213654106,-0.2309356366173818,-0.32737850417917724,0.23623578289076486,-0.5147253042840618,,,,,,,
171,0.228371508132187,0.981729372906203,0.477712853663213,0.504768432546669,0.0113057578013976,0.385826662861926,-0.5464441678203635,0.970190402647026,-0.04542229924957053,0.010761303112308385,-0.9832573878982053,-0.2314583845723397,,,,,,,
172,0.614785617474951,0.488904155399291,0.209939227352334,0.844362979753313,0.591220424068583,0.697896574856275,0.2312640891982014,-0.018953748393016223,-0.5820553008457272,0.6939471457796897,0.1819162302415711,0.3963031952558218,,,,,,,
173,0.464530680383492,0.622749116087169,0.293690680197006,0.229428748102953,0.935243516654669,0.750373142334384,-0.07114336024143164,0.24968502110895652,-0.4142128058723925,-0.5431585871914272,0.8731328088674377,0.5018653518042984,,,,,,,
174,0.619411309278655,0.0075696301548889,0.30798022914631,0.0214852579113731,0.504280433380324,0.0097721107402495,0.24057389084152758,-0.985035055570562,-0.38557576775267277,-0.9614928912675306,0.007235041087777727,-0.987931824234636,,,,,,,
175,0.21476034959821,0.801221670316028,0.434591061152001,0.583526115678942,0.330037824792953,0.229077476403298,-0.5738383807218208,0.6078953497721336,-0.1318407313719061,0.16920358247114442,-0.34285593348385124,-0.5467759244761199,,,,,,,
176,0.674327023892569,0.76503299500469,0.47382106116155,0.508324110552397,0.852814702342452,0.0628259526248742,0.35109885269645846,0.535261451898198,-0.053221664409349834,0.01791450652672899,0.7075155458494904,-0.8812084192623277,,,,,,,
177,0.0311592971924866,0.206412277557902,0.923631743787989,0.221504075707014,0.143260803541536,0.67286177952067,-0.9433591901355655,-0.5859401337421162,0.8482235604000632,-0.559101198853528,-0.7181312460358111,0.34594306098296457,,,,,,,
178,0.25693018052905,0.390613657067109,0.81891070450834,0.918969660380555,0.0950888619393959,0.895696724482672,-0.48896615447787695,-0.21623154196843375,0.6383568666067623,0.8440385662462355,-0.8149190645793126,0.7941990821940095,,,,,,,
179,0.93102981710242,0.251782564146743,0.297637087939406,0.948194785741463,0.476600766506813,0.266113278147043,0.8677463483549108,-0.49487792341653947,-0.4063039887812434,0.9028327726343677,-0.048379378543149665,-0.4722744986120433,,,,,,,
180,0.760455434961965,0.0785005343916035,0.951981490704183,0.435815176960307,0.50202285171813,0.65440337555768,0.5244433937808579,-0.8426704066821484,0.9050380047190352,-0.12795673111384998,0.0026990727003657344,0.30881203236549637,,,,,,,
181,0.538809827430177,0.214532575671932,0.711876997058767,0.715916291433281,0.776057045296869,0.144355553127951,0.0783530079961503,-0.5696419714345399,0.4238554592353534,0.4355420573600641,0.5532928607164884,-0.7172030190381077,,,,,,,
182,0.0912372881858888,0.482863308544716,0.858493171299325,0.471647799490751,0.751311093527819,0.378287911003497,-0.8224444809389334,-0.031078266622336925,0.7176822962887948,-0.05586976558449119,0.5035729073608477,-0.24662337996178807,,,,,,,
183,0.205103522050594,0.532342445321863,0.515337938757869,0.27792862858108,0.548199587745587,0.820219663441343,-0.5932739922556726,0.06823077236964381,0.02998043039123033,-0.4455880225688035,0.09547809299541044,0.6423690041922916,,,,,,,
184,0.0161727585265423,0.873359414629595,0.0547751007219966,0.0044853448714825,0.218470659630711,0.662381882863,-0.9735215330284185,0.7526822342947099,-0.8930127022927763,-0.9956927923288472,-0.567018426794194,0.3248616422706927,,,,,,,
185,0.972394131881876,0.410297865035128,0.958920102052515,0.286391283623459,0.162209466564254,0.65903001334009,0.9509973694022877,-0.1767235815642998,0.9189433615910434,-0.4285631140009607,-0.6800592959069978,0.31811900279727245,,,,,,,
186,0.837197662206576,0.393499598822081,0.658771161402758,0.665754706704678,0.418560434772376,0.860509523154001,0.6788970287468314,-0.21043919956028012,0.3174284582532987,0.33462852734543547,-0.16499492089587386,0.7234163112608794,,,,,,,
187,0.428746111773975,0.957599511282034,0.0736639122791929,0.149607376616326,0.463422131952629,0.290024046823249,-0.1431644221245072,0.92175961898767,-0.8551584902026194,-0.7037407619952352,-0.07485809722167636,-0.4241754626519454,,,,,,,
188,0.992534301226027,0.320077966025181,0.965845925862776,0.219699796575143,0.956733444335203,0.606305704606078,0.9915320590473926,-0.3578029627383379,0.9328230915369327,-0.5627309919973043,0.9163107076956654,0.2120584885532384,,,,,,,
189,0.796447147380482,0.144942676229537,0.3088373170969,0.878434039998125,0.92727315404009,0.293790534155925,0.5968813593088951,-0.7093151041389236,-0.3838581165937681,0.7624902545998646,0.8571186316346167,-0.4165987756741689,,,,,,,
190,0.487078194795565,0.733124398713168,0.946509124247404,0.574580059490341,0.308668108829647,0.935005724050369,-0.02576357800899831,0.4712180542219939,0.8940710828530032,0.1512061823773201,-0.3857923010495451,0.8732732855107612,,,,,,,
191,0.133494097857371,0.936477351724997,0.180991962975318,0.631020844029609,0.898374817428137,0.746971364409604,-0.7373971987559153,0.8793655615389264,-0.6400672028565731,0.26475201302578566,0.7990556417035137,0.4950223163106262,,,,,,,
192,0.239024230968825,0.495957398796631,0.0013896835168426,0.07156788675519,0.606314196764744,0.807161058298987,-0.5250041885093734,-0.004797260038718831,-1.0,-0.8607382022682387,0.21224287443039458,0.616100241074026,,,,,,,
193,0.834229279506745,0.517713858517812,0.873792243696113,0.211550843196021,0.569866983270086,0.70167750668457,0.6729227755303118,0.03886989439264443,0.7483424746455447,-0.579124805228307,0.13901256299157772,0.40390893886174806,,,,,,,
194,0.340868857669226,0.0001135864774714,0.83659632083944,0.798931181815578,0.878278730093371,0.764659396511379,-0.3200287354841397,-1.0,0.6737998096164586,0.602548855043594,0.7586782686996139,0.5306036605847344,,,,,,,
195,0.733136682654162,0.185865480650311,0.35029900535743,0.606934430497425,0.843990314770323,0.412589360010453,0.4694608796139714,-0.6271793870550135,-0.30076662424246026,0.21629570870295156,0.6897854483138159,-0.177622393351481,,,,,,,
196,0.167021466382387,0.815749132793106,0.113702397495888,0.0722556748815078,0.557341362354322,0.133424411666837,-0.6699190433066788,0.6370532622088159,-0.7749191746389061,-0.8593545313155685,0.11384588952941033,-0.7391921643200094,,,,,,,
197,0.729048670830615,0.617741219658487,0.628926984190932,0.651255292288305,0.0029728483033656,0.176059968938527,0.4612332283116689,0.23963372648060166,0.2576190938360712,0.305459052341452,-1.0,-0.6534262389262957,,,,,,,
198,0.0643687525295154,0.831087493759155,0.405841942129888,0.473970259618189,0.357632306490431,0.796084072263681,-0.8765208759999219,0.6678387202112677,-0.1894555392476095,-0.051197511885848423,-0.2874126692410245,0.5938177140312264,,,,,,,
199,0.712631070089398,0.870237686006424,0.91606291871078,0.967409623145004,0.458568601513151,0.0332694953787069,0.428190688331451,0.7464166466197033,0.8330552207256274,0.9414885902593395,-0.08460988649667389,-0.9406643539162058,,,,,,,
200,0.120114135116046,0.715604377297979,0.883577659322063,0.0283171998654157,0.681807785281595,0.536858089012112,-0.7643261002916999,0.4360538091847814,0.7679529830871901,-0.9477486010269484,0.36392577330367026,0.0723572767255618,,,,,,,
201,0.991428562034101,0.0874915370296029,0.626795980845857,0.736282154930182,0.148877245715096,0.802604808384185,0.9893066162416613,-0.8246246627643508,0.2533484465089466,0.4765134738013084,-0.7068466025716904,0.6069348632702862,,,,,,,
202,0.596572352010162,0.848793485203969,0.890480584759719,0.371452994343509,0.613764478643651,0.94887794122704,0.19460754225344967,0.703376223678726,0.781786823441218,-0.25743858625156635,0.22721209731431413,0.9011787151463615,,,,,,,
203,0.284951792860337,0.150980467644112,0.222109136287001,0.692513723159218,0.422793230645379,0.463814410646791,-0.4325690438183274,-0.6971967184501011,-0.5576661373170526,0.3884614918491942,-0.15649032122099393,-0.07457779507945206,,,,,,,
204,0.412958953791038,0.582000286144495,0.263109725117446,0.0799505795816291,0.0581575407019991,0.0705886694410614,-0.17493811470283838,0.16789848631387772,-0.47549871345826134,-0.8438741592217296,-0.8891220528669619,-0.8655928947116093,,,,,,,
205,0.946162327524897,0.589908017560177,0.006717030066163,0.769111855573579,0.128316326721174,0.522572008700096,0.8982024782436373,0.18377000830576473,-0.9893237059650315,0.5425592536380768,-0.7481579226157832,0.04361931769288985,,,,,,,
206,0.510463663919836,0.0159215800026295,0.0990925963666312,0.0484856587960059,0.388455275859189,0.215481059846255,0.021302696209435146,-0.9682719475797326,-0.8041980156537185,-0.9071743170075606,-0.22548267707100322,-0.5741265520432071,,,,,,,
207,0.0835702852722685,0.948491945609331,0.603912968798452,0.622450213178471,0.488482104741678,0.296071014887904,-0.8378753136345863,0.9034799226666497,0.2074896380454745,0.24750988205404556,-0.024507207920925977,-0.4120113478829862,,,,,,,
208,0.650178112763015,0.638159587363436,0.315938106460098,0.45501427821807,0.340118627632235,0.974336984624924,0.302496052929635,0.28061521093325537,-0.3696277461044388,-0.0893325709819155,-0.32260142674132264,0.9523922691933753,,,,,,,
209,0.439411013926262,0.700080244775762,0.764864600586763,0.499553105786149,0.888990779289943,0.186374058936639,-0.12169993036918303,0.4048954911060074,0.5300455165623708,0.0002692694887429514,0.7802010854967847,-0.6326783578174566,,,,,,,
210,0.154825633805198,0.421722100355687,0.639925411641574,0.744612875444829,0.655937826838723,0.740869237075236,-0.6944647300897733,-0.1537941227094929,0.2796605443589968,0.49327296055290915,0.3119474481579514,0.4827472428463033,,,,,,,
211,0.770478330031633,0.736502782926431,0.19238909136167,0.2693613639583,0.204030632319869,0.330267183695197,0.54461576343933,0.4779987725493149,-0.617226733838746,-0.46282338146609103,-0.5960315555293432,-0.3432221435109688,,,,,,,
212,0.53230181407838,0.471033902334003,0.28721358105566,0.224881351188407,0.146176947337036,0.485694887465663,0.06525479134694923,-0.05482093957806766,-0.4271932670243844,-0.5523069001386216,-0.7122720843093285,-0.03056290557143282,,,,,,,
213,0.107226128464152,0.403529762422199,0.145563861089205,0.778565749254133,0.809918006980279,0.109398126671659,-0.79026487671665,-0.19030776694159057,-0.7110670579129741,0.5615783055450174,0.6213268345635534,-0.7875235735532319,,,,,,,
214,0.913379797844574,0.991394381699212,0.573908515558557,0.975263458358203,0.719644427905709,0.0598679568419202,0.8322234070815953,0.9895889370112327,0.1473590716965576,0.9572886938606353,0.43994774748200327,-0.8871587401182066,,,,,,,
215,0.878423085227982,0.487762024399951,0.157173078678232,0.171959281770827,0.352859581688188,0.874383953253188,0.761868512208868,-0.021246107139254344,-0.6878015505259631,-0.6587738881634624,-0.2970021025657764,0.751326192423786,,,,,,,
216,0.0712260558620317,0.131199176199781,0.850587215036352,0.367656340859261,0.0611292246768366,0.0721642230515802,-0.8627196681929672,-0.7368995340469998,0.7018383272678816,-0.26507657670602924,-0.8831512989434285,-0.8624235022593785,,,,,,,
217,0.635873058589724,0.892527032449694,0.0249644224934059,0.090682131181612,0.437818393713699,0.897617920843166,0.2737052855154001,0.7911533522136218,-0.9527549329142984,-0.8222847544940339,-0.12630152856957888,0.798063771534665,,,,,,,
218,0.896792710886365,0.324916503619909,0.833977697191715,0.946796679382863,0.493023457248777,0.400267686211173,0.7988397542195786,-0.3480915863894899,0.6685519445167871,0.9000201053562988,-0.015382651430563499,-0.20240874125964892,,,,,,,
219,0.366746698698718,0.296272516990357,0.248936902388802,0.817973715358689,0.553250706826153,0.444251836792778,-0.26794624119665034,-0.4055826214067739,-0.5039018258436929,0.6408580370731152,0.10562688045864443,-0.11392997802339011,,,,,,,
220,0.657012230563567,0.375676988011513,0.734549872225132,0.742453578819982,0.869554825796432,0.344977043471589,0.3162505968617053,-0.24621076849240187,0.46929314188904314,0.4889289541595516,0.74115006373215,-0.3136317073383019,,,,,,,
221,0.445637462899424,0.89972043419641,0.0602999297734954,0.808250814457628,0.995670633912929,0.0378443432584159,-0.10916839836438885,0.80559115087141,-0.8819406425158012,0.6212978047316318,0.9945439180272879,-0.9314615643422733,,,,,,,
222,0.434814285356078,0.556090779854291,0.688395603138792,0.547361835089709,0.374491990178179,0.680702834673636,-0.13095143976770274,0.1158957971395338,0.3767974607515574,0.09644939748188874,-0.2535379290665887,0.3617161713699566,,,,,,,
223,0.0247379870307393,0.0299131931162848,0.201793140481562,0.34888116027595,0.198380121405618,0.355957012612823,-0.9562829054268162,-0.9401895325909071,-0.5983805047463169,-0.3028479062917082,-0.607384650440143,-0.2915443400220631,,,,,,,
224,0.864429949962504,0.232849203701123,0.989915899811078,0.159290150895257,0.98525048800464,0.601013924154883,0.7337055218458877,-0.5328788658988612,0.9810606366087633,-0.6842612551553207,0.9736075978827106,0.2014135134099566,,,,,,,
225,0.953641668911247,0.750760982836657,0.499283901528633,0.892778826028752,0.738379941269041,0.723587860914098,0.9132556179002573,0.5066162510073078,-0.0021927388067675135,0.7913486529835518,0.4775914339812197,0.44798392993609504,,,,,,,
226,0.476739246054837,0.431525936370181,0.53356430697597,0.901750464755675,0.929782133299789,0.643806356864375,-0.04657204646329982,-0.1341169497341541,0.06650706977624932,0.8093975192394358,0.8621597120071454,0.2874950103114826,,,,,,,
227,0.569779488921403,0.246058287659226,0.269088159313705,0.774119700937778,0.685526938080232,0.495257235524732,0.1406834479993948,-0.50636705669427,-0.46351760414670096,0.5526338825837718,0.3713983532794385,-0.011327232750348415,0.6257288020927966,0.1418571901135288,-1.1969082744298285,-0.33442882056864476,0.5016890671899209,0.16154152678383232,11.299368734035959
228,0.996741703978459,0.190338889166188,0.396496233961921,0.354561553435224,0.706330152981611,0.786108641161623,1.0,-0.6182008573217408,-0.20818484987955077,-0.29142026642198093,0.4131964980506404,0.5737510810512154,,,,,,,
229,0.39584658433986,0.196336635858347,0.490106712728453,0.450512902355981,0.376620484972291,0.0799614575034819,-0.20937896636317022,-0.60616284496113,-0.020584327403090463,-0.09838830019429468,-0.249261324033626,-0.84673854183966,,,,,,,
230,0.248606058284572,0.507362169337627,0.49299114487635,0.658468509859796,0.0297939603292185,0.0205672780499836,-0.505719524620011,0.018093131268056784,-0.014803767522150735,0.31997038111706844,-0.9461106021979847,-0.9662162053159152,,,,,,,
231,0.875542056565468,0.0391855683308064,0.467275806809108,0.282974773076528,0.640747400897101,0.434106041894863,0.7560700702644079,-0.921579048825303,-0.06633871233431399,-0.4354363446113648,0.2814266067565556,-0.1343393157676932,,,,,,,
232,0.6833953029489,0.367399641859338,0.167914656980198,0.140111848372187,0.774738419993455,0.155400260999008,0.3693499344466886,-0.2628241402146857,-0.6662748397535887,-0.722843573033884,0.5506434581317265,-0.6949854229309866,,,,,,,
233,0.185087862033145,0.344169214224785,0.227482914286716,0.301357741905039,0.720562547927532,0.783018181417465,-0.6335580908143992,-0.30944967966479464,-0.5468967921144354,-0.3984540545447569,0.44179244859053024,0.5675342949503397,,,,,,,
234,0.007192103889499,0.257005274700175,0.644559791095223,0.345978853758921,0.0791305397902984,0.0037728354261081,-0.9915962593279836,-0.4843954776873294,0.2889480944101728,-0.30868667708418784,-0.8469827750517378,-1.0,,,,,,,
235,0.181047966176615,0.255174192077849,0.612813162736738,0.135207917077121,0.159538577317796,0.10317902080896,-0.6416889025243089,-0.48807062376671884,0.22532611377944156,-0.7327091508582652,-0.6854256883574212,-0.8000339616792016,,,,,,,
236,0.216531315114948,0.773337194765049,0.199249631114725,0.203582463330227,0.799656513969915,0.422138043443243,-0.5702740840981678,0.5519287212063315,-0.6034778367163035,-0.5951553462310566,0.60070928230304,-0.15841420836902165,,,,,,,
237,0.919163844101271,0.143121746157216,0.863315139978701,0.524446346615024,0.527381469691714,0.234156099287309,0.8438645465328993,-0.712969873145268,0.7273457854145386,0.05034872409803137,0.053650004577111554,-0.5365597382868025,,,,,,,
238,0.701084960889988,0.846202799082396,0.521297726387379,0.0545481601346558,0.384791279739823,0.958595775701657,0.4049526536849106,0.6981764856513217,0.04192417096255352,-0.8949779636803755,-0.23284443538405264,0.9207271653103255,,,,,,,
239,0.137546800098065,0.284238502055689,0.962400421995374,0.378185145572395,0.29214211106206,0.370235988912305,-0.7292406125453699,-0.4297359623140671,0.9259181132242871,-0.24389505191598093,-0.41899659425387925,-0.26282067146072474,,,,,,,
240,0.405948111278632,0.32967224106893,0.288257892470141,0.723740825433687,0.187212831451842,0.498682371863687,-0.18904833992165526,-0.3385463973154035,-0.4251004097976484,0.4512832136846212,-0.6298221440872895,-0.004437209340119153,,,,,,,
241,0.652162658923703,0.687409092977857,0.942095059507383,0.880596951480376,0.944887801642448,0.257711610933347,0.3064902081591805,0.37946335970809963,0.8852250555451189,0.7668415332519256,0.8925102571149774,-0.48917533935492075,,,,,,,
242,0.339262225806552,0.0414818767261597,0.618391056849017,0.56688226807835,0.403894068566021,0.560030586822971,-0.32326228942376123,-0.916970153140666,0.23650451884231583,0.13572000288551944,-0.19446281328014436,0.11897120288507224,,,,,,,
243,0.603197049183051,0.811262789093444,0.77123990615745,0.412352321528251,0.139544484497909,0.517128596701097,0.20794060014920368,0.6280487704084061,0.5428219778278971,-0.17515858047092503,-0.7255981323866895,0.0326693196802359,,,,,,,
244,0.233363517233755,0.723668429752685,0.0706517368141445,0.823760919304795,0.567253509666364,0.982556017802022,-0.536397105346365,0.452239081439322,-0.8611950546821495,0.6525005555915371,0.13376153094860044,0.96892572228708,,,,,,,
245,0.193043579563479,0.94314428914937,0.594236077124158,0.321536134700509,0.0322983788592464,0.625709085875653,-0.6175461826975561,0.8927466993630597,0.18809661754214702,-0.3578597858821979,-0.9410786853148472,0.25109043880423587,,,,,,,
246,0.226502528608484,0.0658942556734171,0.899448064984317,0.361744227068402,0.573801160251997,0.838478661535074,-0.5502057302805302,-0.8679723320250815,0.7997581445753361,-0.2769703849999995,0.146917172919659,0.6790989068482307,,,,,,,
247,0.704095681205617,0.717333182875708,0.484078644777701,0.129326920733678,0.39987530697036,0.0945116669361829,0.4110121168163703,0.4395236761168082,-0.03266490547496537,-0.7445403580306643,-0.20253737193719357,-0.8174692591910065,,,,,,,
248,0.275859154960363,0.754164003159183,0.526241399752713,0.634658228123198,0.800493778253376,0.426302901423683,-0.4508691508845968,0.5134464162024355,0.05183156293949964,0.27206959022931887,0.6023915267973532,-0.150036156768814,,,,,,,
249,0.290687014046337,0.883138165508544,0.780784632476122,0.0358488228941545,0.172199150687299,0.0410274924383035,-0.4210261711220731,0.7723090591664596,0.561950131725534,-0.9325967139667273,-0.6599878663143566,-0.9250583236542343,,,,,,,
